tg_ecotypeid,name,CS_number,country,latitude,longitude,collector,seq_by, filename
9503,11C1,CS76640,UK,55.8877,3.21072,Andrew Hudson,Monsanto,GSM2099389_allc_9503.tsv.gz
6680,ANH_1,CS76437,GER,51.85,6.4333,Gerhard Röbbelen,Salk,GSM2099226_allc_6680.tsv.gz
9911,ARGE_1_15,CS76672,FRA,47.16,4.28,0,Monsanto,GSM2328626_allc_9911.tsv.gz
9817,IP_Ace_0,CS76642,ESP,39.84,6.6,Carlos Alonso-Blanco,Monsanto,GSM2099636_allc_9817.tsv.gz
9321,Ådal_1,CS76643,SWE,62.8622,18.336,Alison Anastasio,GMI,GSM2099376_allc_9321.tsv.gz
9609,Adam_1,CS76645,RUS,51.41,59.98,0,Monsanto,GSM2099484_allc_9609.tsv.gz
6897,Ag_0,CS76430,FRA,45,1.3,Albert Kranz,Salk,GSM2099230_allc_6897.tsv.gz
9942,Agu_1,CS76409,ESP,41.32,1.34,,MPI,GSM2099743_allc_9942.tsv.gz
9646,Aiell_1,CS76648,ITA,39.126899,16.170188,,Monsanto,GSM2099515_allc_9646.tsv.gz
9606,Aitba_1,CS76649,MAR,31.48,7.45,0,Monsanto,GSM2099481_allc_9606.tsv.gz
9939,Aitba_2,CS76347,MAR,31.48,7.45,,MPI,GSM2099740_allc_9939.tsv.gz
6987,Ak_1,CS76431,GER,48.0683,7.62551,Albert Kranz,Salk,GSM2099247_allc_6987.tsv.gz
997,Ale_Stenar_56_14,CS76653,SWE,55.3833,14.05,Jon Ågren,GMI,GSM2099767_allc_997.tsv.gz
1002,Ale_Stenar_64_24,CS76654,SWE,55.3833,14.05,Jon Ågren,GMI,GSM2099131_allc_1002.tsv.gz
1158,Aledal_6_49,CS76656,SWE,56.7,16.5167,Jon Ågren,GMI,GSM2099133_allc_1158.tsv.gz
6989,Alst_1,CS76432,UK,54.8,2.4333,Maarten Koornneef,Salk,GSM2099248_allc_6989.tsv.gz
9774,Alt_1,CS76663,GER,48.59,9.22,0,Monsanto,GSM2099593_allc_9774.tsv.gz
9970,Altenb_2,CS76353,ITA,46.3716,11.2376,Joerg Wunder,MPI,GSM2328634_allc_9970.tsv.gz
9819,IP_Amu_0,CS76664,ESP,42.35,3.03,Carlos Alonso-Blanco,Monsanto,GSM2099637_allc_9819.tsv.gz
6992,Ang_0,CS76436,BEL,50.3,5.3,Albert Kranz,Salk,GSM2099249_allc_6992.tsv.gz
9980,Angel_1,CS76362,ITA,38.62,16.17,,MPI,GSM2099768_allc_9980.tsv.gz
9981,Angit_1,CS76366,ITA,38.76,16.24,,MPI,GSM2099769_allc_9981.tsv.gz
9982,Apost_1,CS76368,ITA,39.01,16.47,,MPI,GSM2328636_allc_9982.tsv.gz
10015,Ara_1,CS76382,AFG,37.29,71.3,,MPI,GSM2099121_allc_10015.tsv.gz
9820,IP_Are_0,CS76671,ESP,41,4.71,Carlos Alonso-Blanco,Monsanto,GSM2099638_allc_9820.tsv.gz
9821,IP_Aru_0,CS76674,ESP,41.81,2.49,Xavier Picó,Monsanto,GSM2099639_allc_9821.tsv.gz
9822,IP_Aul_0,CS76675,ESP,40.52,4.02,Carlos Alonso-Blanco,Monsanto,GSM2099640_allc_9822.tsv.gz
9935,BAU_15,CS76694,FRA,50.6,2.93,0,Monsanto,GSM2099736_allc_9935.tsv.gz
9928,BEZ_9,CS76703,FRA,44.12,3.77,0,Monsanto,GSM2099731_allc_9928.tsv.gz
9813,BI_4,CS76706,GER,48.4,8.77,0,Monsanto,GSM2099632_allc_9813.tsv.gz
9910,BRI_2,CS76725,FRA,50.68,3.52,0,Monsanto,GSM2099718_allc_9910.tsv.gz
506,BRR60,CS78947,USA,40.8313,87.735,Diane Byers,MPI,GSM2099156_allc_506.tsv.gz
8259,Bå5_1,CS76678,SWE,56.4,12.9,Magnus Nordborg,GMI,GSM2099332_allc_8259.tsv.gz
9778,Bach_7,CS76679,GER,48.41,8.84,0,Monsanto,GSM2099597_allc_9778.tsv.gz
9796,Bach2_1,CS76680,GER,48.41,8.84,0,Monsanto,GSM2099615_allc_9796.tsv.gz
9823,IP_Bae_0,CS76681,ESP,43.34,5.84,Carlos Alonso-Blanco,Monsanto,GSM2099641_allc_9823.tsv.gz
9779,Bai_10,CS76682,GER,48.5,8.78,0,Monsanto,GSM2099598_allc_9779.tsv.gz
9988,Bak_2,CS76392,GEO,41.7942,43.4767,James Beck,MPI,GSM2328637_allc_9988.tsv.gz
9121,Bak_5,CS76685,GEO,41.7942,43.4767,James Beck,Monsanto,GSM2328606_allc_9121.tsv.gz
9613,Balan_1,CS76687,RUS,55.36,61.41,0,Monsanto,GSM2099488_allc_9613.tsv.gz
9647,Basen_1,CS76690,ITA,40.37,16.77,0,Monsanto,GSM2099516_allc_9647.tsv.gz
9619,Basta_1,CS76691,RUS,51.84,79.48,0,Monsanto,GSM2099492_allc_9619.tsv.gz
9620,Basta_2,CS76692,RUS,51.82,79.48,0,Monsanto,GSM2099493_allc_9620.tsv.gz
9621,Basta_3,CS76693,RUS,51.84,79.46,0,Monsanto,GSM2099494_allc_9621.tsv.gz
7028,Bch_1,CS76444,GER,49.5166,9.3166,Albert Kranz,Salk,GSM2099253_allc_7028.tsv.gz
7013,Bd_0,CS76445,GER,52.4584,13.287,Albert Kranz,Salk,GSM2099251_allc_7013.tsv.gz
9730,Bela_1,CS76696,SVK,48.47,18.94,0,Monsanto,GSM2099569_allc_9730.tsv.gz
9733,Bela_2,CS76697,SVK,48.47,18.94,0,Monsanto,GSM2099571_allc_9733.tsv.gz
9735,Bela_4,CS76699,SVK,48.47,18.94,0,Monsanto,GSM2328620_allc_9735.tsv.gz
9775,Berg_1,CS76701,GER,48.41,8.79,0,Monsanto,GSM2099594_allc_9775.tsv.gz
9824,IP_Bes_5,CS76702,ESP,42.91,4.91,Carlos Alonso-Blanco,Monsanto,GSM2099642_allc_9824.tsv.gz
9622,Bijisk_4,CS76707,RUS,52.52,85.27,0,Monsanto,GSM2328610_allc_9622.tsv.gz
9761,Bik_1,CS76449,LBN,33.92,35.7,0,Salk,GSM2099587_allc_9761.tsv.gz
6900,Bil_5,CS76709,SWE,63.324,18.484,Magnus Nordborg,GMI,GSM2099231_allc_6900.tsv.gz
9648,Bisig_1,CS76712,ITA,39.48,16.28,0,Monsanto,GSM2099517_allc_9648.tsv.gz
9649,Bivio_1,CS76713,ITA,39.13,16.17,0,Monsanto,GSM2099518_allc_9649.tsv.gz
9825,IP_Boa_0,CS76714,ESP,40.4,3.88,Carlos Alonso-Blanco,Monsanto,GSM2099643_allc_9825.tsv.gz
10004,Bolin_1,CS76373,ROU,44.46,25.74,,MPI,GSM2099114_allc_10004.tsv.gz
7026,Boot_1,CS76452,UK,54.4,3.2667,Maarten Koornneef,Salk,GSM2099252_allc_7026.tsv.gz
9826,IP_Bor_0,CS76717,ESP,42.49,6.71,Carlos Alonso-Blanco,Monsanto,GSM2099644_allc_9826.tsv.gz
5837,Bor_1,CS76453,CZE,49.4013,16.2326,Jirina Relichov,Salk,GSM2099173_allc_5837.tsv.gz
428,Borky1,CS76718,CZE,49.403,16.232,Marie-Theres Hauser,Monsanto,GSM2328541_allc_428.tsv.gz
9957,Borsk_2,CS76421,RUS,53.04,51.75,,MPI,GSM2099755_allc_9957.tsv.gz
9827,IP_Bos_0,CS76719,ESP,42.78,0.69,Xavier Picó,Monsanto,GSM2099645_allc_9827.tsv.gz
9972,Bozen_1.2,CS76358,ITA,46.513,11.331,Joerg Wunder,MPI,GSM2099764_allc_9972.tsv.gz
5717,Bra_1,CS79007,UK,54.6,3.2,Eric Holub,MPI,GSM2099167_allc_5717.tsv.gz
9738,Bran_1,CS76722,ROU,45.57,25.42,0,Monsanto,GSM2099575_allc_9738.tsv.gz
8231,Brö1_6,CS76726,SWE,56.3,16,Magnus Nordborg,GMI,GSM2099325_allc_8231.tsv.gz
1066,Brösarp_34_145,CS76730,SWE,55.7167,14.1333,Jon Ågren,GMI,GSM2099132_allc_1066.tsv.gz
7033,Buckhorn_Pass,CS76733,USA,41.3599,122.755,Angus Murphy,"Salk,MPI",GSM2328580_allc_7033.tsv.gz
7058,Bur_0,CS76734,IRL,54.1,6.2,Albert Kranz,Mott,GSM2099254_allc_7058.tsv.gz
9937,CATS_6,CS76760,FRA,50.79,2.69,0,Monsanto,GSM2099738_allc_9937.tsv.gz
932,CHA_41,CS76765,USA,42.3634,71.1445,Kathleen Donohue,Monsanto,GSM2099377_allc_932.tsv.gz
6907,CIBC_17,CS76770,UK,51.4083,0.6383,Mick Crawley,Salk,GSM2099233_allc_6907.tsv.gz
6908,CIBC_5,CS78894,UK,51.4083,0.6383,Mick Crawley,Salk,GSM2328569_allc_6908.tsv.gz
6744,CSHL_5,CS76779,USA,40.8585,73.4675,Catherine Weiss,Monsanto,GSM2099228_allc_6744.tsv.gz
88,CYR,CS76790,FRA,47.4,0.683333,Valerie Le Corre,Monsanto,GSM2328539_allc_88.tsv.gz
5720,Cal_2,CS78781,UK,53.3,1.6,D. Ratcliffe,Monsanto,GSM2328557_allc_5720.tsv.gz
7063,Can_0,CS76740,ESP,29.2144,13.4811,Albert Kranz,Mott,GSM2328581_allc_7063.tsv.gz
9831,IP_Cas_0,CS76743,ESP,38.54,3.39,Carlos Alonso-Blanco,Monsanto,GSM2099648_allc_9831.tsv.gz
9679,Castelfed_1_195,CS76744,ITA,46.3378,11.2928,Joerg Wunder,Monsanto,GSM2099536_allc_9679.tsv.gz
9684,Castelfed_2_200,CS76749,ITA,46.3378,11.2928,Joerg Wunder,Monsanto,GSM2099537_allc_9684.tsv.gz
9689,Castelfed_3_205,CS76754,ITA,46.3378,11.2928,Joerg Wunder,Monsanto,GSM2328616_allc_9689.tsv.gz
9690,Castelfed_3_206,CS76755,ITA,46.3378,11.2928,Joerg Wunder,Monsanto,GSM2099538_allc_9690.tsv.gz
9693,Castelfed_3_209,CS76758,ITA,46.3378,11.2928,Joerg Wunder,Monsanto,GSM2099539_allc_9693.tsv.gz
9694,Castelfed_4_210,CS78891,ITA,46.3378,11.2928,Joerg Wunder,Monsanto,GSM2099540_allc_9694.tsv.gz
9696,Castelfed_4_214,CS78893,ITA,46.3378,11.2928,Joerg Wunder,Monsanto,GSM2099541_allc_9696.tsv.gz
9832,IP_Cat_0,CS76759,ESP,40.54,3.69,Carlos Alonso-Blanco,Monsanto,GSM2099649_allc_9832.tsv.gz
7068,Cerv_1,CS76462,ITA,42,12.1,Maarten Koornneef,Salk,GSM2099256_allc_7068.tsv.gz
9624,Chaba_2,CS76767,RUS,53.6,79.37,0,Monsanto,GSM2328611_allc_9624.tsv.gz
9834,IP_Cho_0,CS76768,ESP,40.51,3.9,Carlos Alonso-Blanco,Monsanto,GSM2099651_allc_9834.tsv.gz
9705,Choto_1,CS76769,BUL,41.5,23.33,0,Monsanto,GSM2099550_allc_9705.tsv.gz
9661,Cimin_1,CS76771,ITA,39.58,16.21,0,Monsanto,GSM2099530_allc_9661.tsv.gz
9835,IP_Cir_0,CS76772,ESP,40.61,6.57,Carlos Alonso-Blanco,Monsanto,GSM2099652_allc_9835.tsv.gz
9983,Ciste_1,CS76359,ITA,41.62,12.87,,MPI,GSM2099770_allc_9983.tsv.gz
5726,Cnt_1,CS78782,UK,51.3,1.1,Eric Holub,Monsanto,GSM2099168_allc_5726.tsv.gz
7081,Co,CS78895,POR,40.2077,8.42639,George Redei,Salk,GSM2328582_allc_7081.tsv.gz
9836,IP_Cod_0,CS76777,ESP,41.25,1.32,Carlos Alonso-Blanco,Monsanto,GSM2099653_allc_9836.tsv.gz
9837,IP_Con_0,CS76780,ESP,37.94,5.6,Xavier Picó,Monsanto,GSM2099654_allc_9837.tsv.gz
10005,Copac_1,CS76420,ROU,46.11,21.95,,MPI,GSM2328643_allc_10005.tsv.gz
9838,IP_Cot_0,CS76784,ESP,41.83,5.38,Carlos Alonso-Blanco,Monsanto,GSM2099655_allc_9838.tsv.gz
9839,IP_Coy_0,CS76785,ESP,40.44,4.27,Carlos Alonso-Blanco,Monsanto,GSM2099656_allc_9839.tsv.gz
7067,Ct_1,CS76786,ITA,37.3,15,Albert Kranz,Mott,GSM2099255_allc_7067.tsv.gz
9920,DIR_9,CS76796,FRA,48.54,4.32,0,Monsanto,GSM2099725_allc_9920.tsv.gz
7094,Da_0,CS76791,GER,49.8724,8.65081,Albert Kranz,Monsanto,GSM2099257_allc_7094.tsv.gz
9840,IP_Dar_0,CS76792,ESP,41.13,1.43,Carlos Alonso-Blanco,Monsanto,GSM2099657_allc_9840.tsv.gz
8233,Dem_4,CS76794,USA,41.1876,87.1923,Joy Bergelson,Salk,GSM2099326_allc_8233.tsv.gz
7096,Di_G,CS76472,FRA,47.3239,5.04278,Maarten Koornneef,Salk,GSM2099258_allc_7096.tsv.gz
7102,Do_0,CS76474,GER,50.7224,8.2372,Albert Kranz,Salk,GSM2099259_allc_7102.tsv.gz
10018,Dobra_1,CS76369,SRB,44.84,20.16,,MPI,GSM2099124_allc_10018.tsv.gz
9697,Dolen_1,CS76802,BUL,41.62,23.94,0,Monsanto,GSM2099542_allc_9697.tsv.gz
9700,Dolna_1_10,CS76803,BUL,42.32,23.1,0,Monsanto,GSM2099545_allc_9700.tsv.gz
9944,Don_0,CS76411,ESP,36.83,6.36,,MPI,GSM2099744_allc_9944.tsv.gz
9706,Dospa_1,CS76807,BUL,41.64,24.18,0,Monsanto,GSM2099551_allc_9706.tsv.gz
410,Doubravnik7,CS76808,CZE,49.4211,16.3497,Marie-Theres Hauser,Monsanto,GSM2099148_allc_410.tsv.gz
7106,Dr_0,CS78897,GER,51.051,13.7336,Albert Kranz,"MPI,Salk",GSM2099261_allc_7106.tsv.gz
7103,Dra_0,CS76476,CZE,49.4167,16.2667,Albert Kranz,Salk,GSM2099260_allc_7103.tsv.gz
5860,Dra_3,CS77913,SWE,62.6814,18.0165,Magnus Nordborg,GMI,GSM2099174_allc_5860.tsv.gz
8284,DraII_1,CS76813,CZE,49.4112,16.2815,Jirina Relichov,Salk,GSM2328596_allc_8284.tsv.gz
5874,DraII_6,CS76814,CZE,49.4112,16.2815,Jirina Relichov,Monsanto,GSM2328564_allc_5874.tsv.gz
8285,DraIII_1,CS76815,CZE,49.4112,16.2815,Jirina Relichov,Salk,GSM2099335_allc_8285.tsv.gz
5893,DraIV_1_11,CS76816,CZE,49.4112,16.2815,Jirina Relichov,Monsanto,GSM2099176_allc_5893.tsv.gz
5890,DraIV_1_8,CS76817,CZE,49.4112,16.2815,Jirina Relichov,Monsanto,GSM2099175_allc_5890.tsv.gz
5907,DraIV_2_9,CS76818,CZE,49.4112,16.2815,Jirina Relichov,Monsanto,GSM2099177_allc_5907.tsv.gz
5921,DraIV_3_7,CS76819,CZE,49.4112,16.2815,Jirina Relichov,Monsanto,GSM2099178_allc_5921.tsv.gz
5950,DraIV_5_12,CS76820,CZE,49.4112,16.2815,Jirina Relichov,Monsanto,GSM2099179_allc_5950.tsv.gz
5984,DraIV_6_13,CS76822,CZE,49.4112,16.2815,Jirina Relichov,Monsanto,GSM2099180_allc_5984.tsv.gz
5993,DraIV_6_22,CS76823,CZE,49.4112,16.2815,Jirina Relichov,Monsanto,GSM2099181_allc_5993.tsv.gz
424,Draha2,CS76812,CZE,49.4112,16.2815,Marie-Theres Hauser,Monsanto,GSM2099149_allc_424.tsv.gz
6008,Duk,CS76824,CZE,49.1,16.2,Jirina Relichov,Salk,GSM2328565_allc_6008.tsv.gz
7107,Durh_1,CS76477,UK,54.7761,1.5733,Maarten Koornneef,Salk,GSM2099262_allc_7107.tsv.gz
9908,ESP_1_11,CS76847,FRA,50.72,3.47,0,Monsanto,GSM2099717_allc_9908.tsv.gz
6009,Eden_1,CS76826,SWE,62.877,18.177,Magnus Nordborg,GMI,GSM2099182_allc_6009.tsv.gz
7111,Edi_0,CS76831,UK,55.9494,3.16028,Albert Kranz,Mott,GSM2328583_allc_7111.tsv.gz
9298,Edi_1,CS76832,UK,55.9681,3.21833,James Beck,Monsanto,GSM2099373_allc_9298.tsv.gz
6017,Eds_9,CS76835,SWE,62.9,18.4,Magnus Nordborg,GMI,GSM2099183_allc_6017.tsv.gz
9841,IP_Ees_0,CS76836,ESP,40.59,4.15,Carlos Alonso-Blanco,Monsanto,GSM2099658_allc_9841.tsv.gz
6915,Ei_2,CS76478,GER,50.3,6.3,Albert Kranz,Salk,GSM2099234_allc_6915.tsv.gz
9843,IP_Elp_0,CS76840,ESP,40.53,3.92,Carlos Alonso-Blanco,Monsanto,GSM2099659_allc_9843.tsv.gz
8290,En_1,CS76841,GER,50,8.5,Albert Kranz,Salk,GSM2099336_allc_8290.tsv.gz
7119,En_2,CS76481,GER,50,8.5,Albert Kranz,Salk,GSM2099263_allc_7119.tsv.gz
9725,Epidauros_1,CS76844,GRC,37.6,23.08,0,Monsanto,GSM2328618_allc_9725.tsv.gz
7125,Er_0,CS78898,GER,49.5955,11.0087,Albert Kranz,"MPI,Salk",GSM2099264_allc_7125.tsv.gz
9784,Erg2_6,CS76845,GER,48.5,8.8,0,Monsanto,GSM2099603_allc_9784.tsv.gz
9844,IP_Esn_2,CS76846,ESP,42.27,0.19,Carlos Alonso-Blanco,Monsanto,GSM2099660_allc_9844.tsv.gz
7130,Et_0,CS76486,FRA,44.6447,2.56481,Albert Kranz,Salk,GSM2099265_allc_7130.tsv.gz
9762,Etna_2,CS76487,ITA,37.69,14.98,0,Salk,GSM2328623_allc_9762.tsv.gz
9845,IP_Evs_0,CS76848,ESP,40.48,3.96,Carlos Alonso-Blanco,Monsanto,GSM2099661_allc_9845.tsv.gz
9846,IP_Ezc_2,CS76849,ESP,42.31,3.02,Carlos Alonso-Blanco,Monsanto,GSM2099662_allc_9846.tsv.gz
9921,FOR_23,CS76867,FRA,48.57,4.41,0,Monsanto,GSM2099726_allc_9921.tsv.gz
6917,Fäb_2,CS76850,SWE,63.0165,18.3174,Magnus Nordborg,GMI,GSM2099235_allc_6917.tsv.gz
9726,Faneronemi_3,CS76853,GRC,37.07,22.04,0,Monsanto,GSM2099565_allc_9726.tsv.gz
9941,Fei_0,CS76412,POR,40.92,8.54,,MPI,GSM2099742_allc_9941.tsv.gz
9847,IP_Fel_2,CS76854,ESP,43.31,5.7,Carlos Alonso-Blanco,Monsanto,GSM2099663_allc_9847.tsv.gz
9814,Fell1_10,CS76855,GER,48.42,8.79,0,Monsanto,GSM2099633_allc_9814.tsv.gz
9780,Fell2_4,CS76856,GER,48.43,8.79,0,Monsanto,GSM2099599_allc_9780.tsv.gz
9776,Fell3_7,CS76857,GER,48.43,8.79,0,Monsanto,GSM2099595_allc_9776.tsv.gz
7138,Fi_0,CS76488,GER,50.5,8.0167,Albert Kranz,Salk,GSM2099266_allc_7138.tsv.gz
9651,Filet_1,CS76858,ITA,40.68,14.87,0,Monsanto,GSM2099520_allc_9651.tsv.gz
6019,Fjä1_2,CS76860,SWE,56.06,14.29,Magnus Nordborg,GMI,GSM2099184_allc_6019.tsv.gz
6020,Fjä1_5,CS76861,SWE,56.06,14.29,Magnus Nordborg,GMI,GSM2099185_allc_6020.tsv.gz
6024,Fly2_2,CS76864,SWE,55.7509,13.3712,Magnus Nordborg,GMI,GSM2099186_allc_6024.tsv.gz
9743,Furni_1,CS76873,ROU,45.14,25,0,Monsanto,GSM2099578_allc_9743.tsv.gz
9909,GEN_8,CS76877,FRA,50.59,3.3,0,Monsanto,GSM2328625_allc_9909.tsv.gz
9962,Galdo_1,CS76423,ITA,40.57,15.32,,MPI,GSM2099758_allc_9962.tsv.gz
7161,Gd_1,CS76491,GER,53.5,10.5,Albert Kranz,Salk,GSM2099268_allc_7161.tsv.gz
8297,Ge_0,CS76875,SUI,46.5,6.08,Albert Kranz,Salk,GSM2328597_allc_8297.tsv.gz
9125,Geg_14,CS76876,ARM,40.1408,44.8203,James Beck,Monsanto,GSM2099370_allc_9125.tsv.gz
9653,Giffo_1,CS76878,ITA,38.44,16.13,0,Monsanto,GSM2099522_allc_9653.tsv.gz
9848,IP_Glo_1,CS76879,ESP,40.11,5.77,Carlos Alonso-Blanco,Monsanto,GSM2099664_allc_9848.tsv.gz
9777,Gn_1,CS76880,GER,48.57,9.17,0,Monsanto,GSM2099596_allc_9777.tsv.gz
9790,Gn2_3,CS76881,GER,48.58,9.18,0,Monsanto,GSM2099609_allc_9790.tsv.gz
9698,Goced_1,CS76882,BUL,41.57,23.85,0,Monsanto,GSM2099543_allc_9698.tsv.gz
9314,Gol_2,CS76883,UK,57.9672,3.96722,James Beck,Monsanto,GSM2099375_allc_9314.tsv.gz
6920,Got_22,CS76884,GER,51.5338,9.9355,Gerhard Röbbelen,Salk,GSM2328570_allc_6920.tsv.gz
430,Gr_1,CS76496,AUT,47,15.5,Albert Kranz,Salk,GSM2099150_allc_430.tsv.gz
7158,Gr_5,CS76885,AUT,47,15.5,Albert Kranz,Monsanto,GSM2099267_allc_7158.tsv.gz
9645,Gradi_1,CS76887,CRO,45.17,18.7,0,Monsanto,GSM2099514_allc_9645.tsv.gz
9714,Grivo_1,CS76888,BUL,41.84,25.75,0,Monsanto,GSM2099557_allc_9714.tsv.gz
6025,Gro_3,CS76889,SWE,62.6437,17.7339,Magnus Nordborg,GMI,GSM2099187_allc_6025.tsv.gz
9722,Groch_1,CS76890,BUL,41.71,24.41,0,Monsanto,GSM2099563_allc_9722.tsv.gz
9386,Grön_12,CS76891,SWE,62.806,18.1896,Alison Anastasio,GMI,GSM2099378_allc_9386.tsv.gz
9388,Grön_14,CS76892,SWE,62.806,18.1896,Alison Anastasio,GMI,GSM2099379_allc_9388.tsv.gz
9849,IP_Gud_3,CS76895,ESP,40.65,4.11,Carlos Alonso-Blanco,Monsanto,GSM2099665_allc_9849.tsv.gz
8234,Gul1_2,CS76896,SWE,56.4606,15.8127,Magnus Nordborg,"GMI,Salk",GSM2328592_allc_8234.tsv.gz
7461,H55,CS76897,CZE,49,15,Igor Vizir,Salk,GSM2099314_allc_7461.tsv.gz
9769,HE_1,CS76916,GER,48.55,8.99,0,Monsanto,GSM2099589_allc_9769.tsv.gz
9787,HI_4,CS76922,GER,48.5,9,0,Monsanto,GSM2099606_allc_9787.tsv.gz
9995,HKT2.4,CS76404,GER,48.14,9.4,,MPI,GSM2328639_allc_9995.tsv.gz
6923,HR_10,CS76940,UK,51.4083,0.6383,Mick Crawley,Salk,GSM2099237_allc_6923.tsv.gz
8236,HSm,CS76941,CZE,49.33,15.76,Jirina Relichov,Salk,GSM2099327_allc_8236.tsv.gz
9785,Ha_HBT1_2,CS76898,GER,48.54,9.02,0,Monsanto,GSM2099604_allc_9785.tsv.gz
9797,Ha_HBT2_10,CS76899,GER,48.54,9.02,0,Monsanto,GSM2099616_allc_9797.tsv.gz
9815,Ha_HBT3_11,CS76900,GER,48.54,9.02,0,Monsanto,GSM2099634_allc_9815.tsv.gz
9786,Ha_P_13,CS76901,GER,48.54,9.01,0,Monsanto,GSM2099605_allc_9786.tsv.gz
9798,Ha_P2_1,CS76902,GER,48.54,9.01,0,Monsanto,GSM2099617_allc_9798.tsv.gz
9800,Ha_S_B,CS76903,GER,48.54,9.01,0,Monsanto,GSM2099619_allc_9800.tsv.gz
9801,Ha_SP_2,CS76904,GER,48.54,9.01,0,Monsanto,GSM2099620_allc_9801.tsv.gz
9791,Haes_1,CS76914,GER,48.6,9.2,0,Monsanto,GSM2099610_allc_9791.tsv.gz
9732,Halca_1,CS76909,SVK,48.47,18.96,0,Monsanto,GSM2099570_allc_9732.tsv.gz
9799,Hart_2,CS76913,GER,48.39,8.85,0,Monsanto,GSM2099618_allc_9799.tsv.gz
7164,Hau_0,CS76915,DEN,55.675,12.5686,Albert Kranz,Salk,GSM2099269_allc_7164.tsv.gz
9850,IP_Hec_0,CS76917,ESP,42.86,0.7,Carlos Alonso-Blanco,Monsanto,GSM2099666_allc_9850.tsv.gz
7169,Hh_0,CS76512,GER,54.4175,9.88682,Albert Kranz,Salk,GSM2099272_allc_7169.tsv.gz
7165,Hn_0,CS76513,GER,51.3472,8.28844,Albert Kranz,Salk,GSM2099270_allc_7165.tsv.gz
8235,Hod,CS76924,CZE,48.8,17.1,Jirina Relichov,Salk,GSM2328593_allc_8235.tsv.gz
9772,Hof_1,CS76925,GER,48.41,8.85,0,Monsanto,GSM2099592_allc_9772.tsv.gz
9404,HolA_1_1,CS76926,SWE,55.7491,13.399,Alison Anastasio,GMI,GSM2099380_allc_9404.tsv.gz
9405,HolA_1_2,CS76927,SWE,55.7491,13.399,Alison Anastasio,GMI,GSM2099381_allc_9405.tsv.gz
9407,HolA_2_2,CS76928,SWE,55.7491,13.399,Alison Anastasio,GMI,GSM2099382_allc_9407.tsv.gz
6035,Hov1_10,CS76931,SWE,56.1,13.74,Magnus Nordborg,GMI,GSM2099188_allc_6035.tsv.gz
6038,Hov3_5,CS76935,SWE,56.1,13.74,Magnus Nordborg,GMI,GSM2099189_allc_6038.tsv.gz
9851,IP_Hue_3,CS76942,ESP,42.96,6.1,Carlos Alonso-Blanco,Monsanto,GSM2099667_allc_9851.tsv.gz
9513,IP_Adc_5,CS76646,ESP,38.77,4.07,Carlos Alonso-Blanco,Monsanto,GSM2099397_allc_9513.tsv.gz
9514,IP_Adm_0,CS76647,ESP,39.15,4.54,Carlos Alonso-Blanco,Monsanto,GSM2099398_allc_9514.tsv.gz
9515,IP_Ala_0,CS76650,ESP,39.72,6.89,Carlos Alonso-Blanco,Monsanto,GSM2099399_allc_9515.tsv.gz
9517,IP_All_0,CS76659,ESP,42.19,7.8,Carlos Alonso-Blanco,Monsanto,GSM2099401_allc_9517.tsv.gz
9518,IP_Alm_0,CS76660,ESP,39.88,0.36,Carlos Alonso-Blanco,Monsanto,GSM2099402_allc_9518.tsv.gz
9506,IP_Alo_0,CS76662,POR,40.11,7.47,Carlos Alonso-Blanco,Monsanto,GSM2099390_allc_9506.tsv.gz
9519,IP_Ang_0,CS78886,ESP,41.94,2.64,Xavier Picó,Monsanto,GSM2099403_allc_9519.tsv.gz
9520,IP_Ara_4,CS76670,ESP,41.7,3.68,Carlos Alonso-Blanco,Monsanto,GSM2099404_allc_9520.tsv.gz
9521,IP_Bar_1,CS76689,ESP,41.43,2.13,Xavier Picó,Monsanto,GSM2099405_allc_9521.tsv.gz
9522,IP_Bea_0,CS76695,ESP,36.52,5.27,Carlos Alonso-Blanco,Monsanto,GSM2099406_allc_9522.tsv.gz
9523,IP_Ben_0,CS76700,ESP,38.37,2.66,Carlos Alonso-Blanco,Monsanto,GSM2099407_allc_9523.tsv.gz
9524,IP_Ber_0,CS78887,ESP,42.52,0.56,Carlos Alonso-Blanco,Monsanto,GSM2099408_allc_9524.tsv.gz
9525,IP_Bis_0,CS76711,ESP,42.49,0.54,Xavier Picó,Monsanto,GSM2099409_allc_9525.tsv.gz
9830,IP_Bus_0,CS76736,ESP,36.97,3.28,Carlos Alonso-Blanco,Monsanto,GSM2099647_allc_9830.tsv.gz
9526,IP_Cab_3,CS76738,ESP,41.54,2.39,Xavier Picó,Monsanto,GSM2099410_allc_9526.tsv.gz
9527,IP_Cad_0,CS76739,ESP,40.37,5.74,Carlos Alonso-Blanco,Monsanto,GSM2099411_allc_9527.tsv.gz
9529,IP_Cap_1,CS76741,ESP,36.97,3.36,Carlos Alonso-Blanco,Monsanto,GSM2099412_allc_9529.tsv.gz
9530,IP_Car_1,CS76742,ESP,38.25,4.32,Carlos Alonso-Blanco,Monsanto,GSM2099413_allc_9530.tsv.gz
9531,IP_Cdc_3,CS76761,ESP,41.21,4.54,Carlos Alonso-Blanco,Monsanto,GSM2099414_allc_9531.tsv.gz
9532,IP_Cdo_0,CS76762,ESP,42.23,4.64,Carlos Alonso-Blanco,Monsanto,GSM2099415_allc_9532.tsv.gz
9533,IP_Cem_0,CS76763,ESP,41.15,4.32,Carlos Alonso-Blanco,Monsanto,GSM2099416_allc_9533.tsv.gz
9833,IP_Cha_0,CS76764,ESP,40.38,4.21,Carlos Alonso-Blanco,Monsanto,GSM2099650_allc_9833.tsv.gz
9534,IP_Cmo_3,CS76774,ESP,40.05,4.65,Carlos Alonso-Blanco,Monsanto,GSM2099417_allc_9534.tsv.gz
9507,IP_Coa_0,CS76775,POR,38.45,7.5,Carlos Alonso-Blanco,Monsanto,GSM2099391_allc_9507.tsv.gz
9535,IP_Coc_1,CS76776,ESP,42.31,3.19,Xavier Picó,Monsanto,GSM2099418_allc_9535.tsv.gz
9537,IP_Cum_1,CS76787,ESP,38.07,6.66,Carlos Alonso-Blanco,Monsanto,GSM2099419_allc_9537.tsv.gz
9540,IP_Elb_0,CS76838,ESP,41.81,2.34,Xavier Picó,Monsanto,GSM2099421_allc_9540.tsv.gz
9541,IP_Fue_2,CS76871,ESP,38.26,5.42,Carlos Alonso-Blanco,Monsanto,GSM2099422_allc_9541.tsv.gz
9542,IP_Fun_0,CS76872,ESP,40.79,4.05,Carlos Alonso-Blanco,Monsanto,GSM2099423_allc_9542.tsv.gz
9543,IP_Gra_0,CS76886,ESP,36.77,5.39,Xavier Picó,Monsanto,GSM2099424_allc_9543.tsv.gz
9544,IP_Gua_1,CS76894,ESP,39.4,5.33,Carlos Alonso-Blanco,Monsanto,GSM2099425_allc_9544.tsv.gz
9545,IP_Her_12,CS76920,ESP,39.4,5.78,Carlos Alonso-Blanco,Monsanto,GSM2099426_allc_9545.tsv.gz
9546,IP_Hom_4,CS76929,ESP,40.82,1.68,Carlos Alonso-Blanco,Monsanto,GSM2099427_allc_9546.tsv.gz
9547,IP_Hor_0,CS76930,ESP,41.67,2.62,Xavier Picó,Monsanto,GSM2099428_allc_9547.tsv.gz
9548,IP_Hoy_0,CS76939,ESP,40.4,5,Carlos Alonso-Blanco,Monsanto,GSM2099429_allc_9548.tsv.gz
9549,IP_Hum_2,CS76943,ESP,42.23,3.69,Carlos Alonso-Blanco,Monsanto,GSM2099430_allc_9549.tsv.gz
9550,IP_Iso_4,CS76946,ESP,43.05,5.37,Carlos Alonso-Blanco,Monsanto,GSM2099431_allc_9550.tsv.gz
9551,IP_Jim_1,CS76955,ESP,42.28,5.92,Carlos Alonso-Blanco,Monsanto,GSM2099432_allc_9551.tsv.gz
9552,IP_Lab_7,CS76995,ESP,40.87,4.5,Carlos Alonso-Blanco,Monsanto,GSM2099433_allc_9552.tsv.gz
9553,IP_Ldd_0,CS77012,ESP,41.58,4.71,Carlos Alonso-Blanco,Monsanto,GSM2099434_allc_9553.tsv.gz
9554,IP_Lso_0,CS77055,ESP,38.86,3.16,Carlos Alonso-Blanco,Monsanto,GSM2099435_allc_9554.tsv.gz
9556,IP_Men_2,CS77081,ESP,39.66,4.34,Xavier Picó,Monsanto,GSM2099436_allc_9556.tsv.gz
9557,IP_Moa_0,CS77102,ESP,42.46,0.7,Carlos Alonso-Blanco,Monsanto,GSM2099437_allc_9557.tsv.gz
9558,IP_Moc_11,CS77103,ESP,41.57,5.64,Carlos Alonso-Blanco,Monsanto,GSM2099438_allc_9558.tsv.gz
9559,IP_Mon_5,CS77107,ESP,38.06,4.38,Carlos Alonso-Blanco,Monsanto,GSM2099439_allc_9559.tsv.gz
9508,IP_Mos_1,CS77108,POR,40.04,7.11,Carlos Alonso-Blanco,Monsanto,GSM2099392_allc_9508.tsv.gz
9560,IP_Mot_0,CS77109,ESP,38.19,6.24,Carlos Alonso-Blanco,Monsanto,GSM2099440_allc_9560.tsv.gz
9561,IP_Mun_0,CS77114,ESP,40.71,5.04,Carlos Alonso-Blanco,Monsanto,GSM2099441_allc_9561.tsv.gz
9562,IP_Mur_0,CS77115,ESP,41.67,2,Xavier Picó,Monsanto,GSM2099442_allc_9562.tsv.gz
9564,IP_Nog_17,CS77129,ESP,40.45,1.6,Xavier Picó,Monsanto,GSM2099444_allc_9564.tsv.gz
9565,IP_Orb_10,CS77152,ESP,42.97,1.23,Carlos Alonso-Blanco,Monsanto,GSM2099445_allc_9565.tsv.gz
9567,IP_Pal_0,CS77159,ESP,42.34,1.3,Xavier Picó,Monsanto,GSM2099447_allc_9567.tsv.gz
9568,IP_Pan_0,CS77160,ESP,42.76,0.23,Carlos Alonso-Blanco,Monsanto,GSM2099448_allc_9568.tsv.gz
9569,IP_Pds_1,CS77166,ESP,42.87,6.45,Carlos Alonso-Blanco,Monsanto,GSM2099449_allc_9569.tsv.gz
9573,IP_Rds_0,CS77206,ESP,41.86,2.99,Xavier Picó,Monsanto,GSM2099452_allc_9573.tsv.gz
9509,IP_Reg_0,CS77207,POR,39.29,7.4,Carlos Alonso-Blanco,Monsanto,GSM2099393_allc_9509.tsv.gz
9510,IP_Rei_0,CS77208,POR,38.75,7.59,Carlos Alonso-Blanco,Monsanto,GSM2099394_allc_9510.tsv.gz
9574,IP_Rel_0,CS77209,ESP,38.6,2.7,Carlos Alonso-Blanco,Monsanto,GSM2099453_allc_9574.tsv.gz
9576,IP_Rev_0,CS77213,ESP,40.86,4.11,Carlos Alonso-Blanco,Monsanto,GSM2099455_allc_9576.tsv.gz
9577,IP_Ria_0,CS77216,ESP,42.34,2.17,Xavier Picó,Monsanto,GSM2099456_allc_9577.tsv.gz
9578,IP_Sac_0,CS77229,ESP,42.13,6.7,Carlos Alonso-Blanco,Monsanto,GSM2099457_allc_9578.tsv.gz
9579,IP_San_10,CS77232,ESP,38.33,3.51,Carlos Alonso-Blanco,Monsanto,GSM2099458_allc_9579.tsv.gz
9581,IP_Sdv_3,CS77242,ESP,42.84,5.12,Carlos Alonso-Blanco,Monsanto,GSM2099460_allc_9581.tsv.gz
9582,IP_Ses_0,CS77244,ESP,41.48,1.63,Carlos Alonso-Blanco,Monsanto,GSM2099461_allc_9582.tsv.gz
9583,IP_Sne_0,CS77258,ESP,37.09,3.38,Carlos Alonso-Blanco,Monsanto,GSM2099462_allc_9583.tsv.gz
9584,IP_Stp_0,CS77283,ESP,41.19,3.58,Carlos Alonso-Blanco,Monsanto,GSM2099463_allc_9584.tsv.gz
9585,IP_Svi_0,CS77287,ESP,43.4,7.39,Carlos Alonso-Blanco,Monsanto,GSM2099464_allc_9585.tsv.gz
9586,IP_Tam_0,CS77340,ESP,41.03,3.27,Carlos Alonso-Blanco,Monsanto,GSM2099465_allc_9586.tsv.gz
9587,IP_Tdc_0,CS77344,ESP,41.5,1.88,Carlos Alonso-Blanco,Monsanto,GSM2099466_allc_9587.tsv.gz
9588,IP_Tol_7,CS77371,ESP,42.11,0.6,Xavier Picó,Monsanto,GSM2099467_allc_9588.tsv.gz
9589,IP_Tor_1,CS77378,ESP,41.6,2.83,Carlos Alonso-Blanco,Monsanto,GSM2099468_allc_9589.tsv.gz
9590,IP_Trs_0,CS77387,ESP,43.37,5.49,Carlos Alonso-Blanco,Monsanto,GSM2099469_allc_9590.tsv.gz
9591,IP_Vad_0,CS78826,ESP,42.86,3.59,Carlos Alonso-Blanco,Monsanto,GSM2099470_allc_9591.tsv.gz
9592,IP_Vae_2,CS78827,ESP,42.1,5.44,Carlos Alonso-Blanco,Monsanto,GSM2099471_allc_9592.tsv.gz
9511,IP_Vav_0,CS78835,POR,38.53,8.02,Carlos Alonso-Blanco,Monsanto,GSM2099395_allc_9511.tsv.gz
9593,IP_Vaz_0,CS78836,ESP,42.26,2.99,Carlos Alonso-Blanco,Monsanto,GSM2099472_allc_9593.tsv.gz
9594,IP_Vdm_0,CS78837,ESP,42.04,1.01,Carlos Alonso-Blanco,Monsanto,GSM2099473_allc_9594.tsv.gz
9595,IP_Vdt_0,CS78838,ESP,40.89,5.5,Carlos Alonso-Blanco,Monsanto,GSM2099474_allc_9595.tsv.gz
9596,IP_Ver_5,CS78841,ESP,41.95,7.45,Carlos Alonso-Blanco,Monsanto,GSM2099475_allc_9596.tsv.gz
9512,IP_Vid_1,CS78842,POR,38.22,7.84,Carlos Alonso-Blanco,Monsanto,GSM2099396_allc_9512.tsv.gz
9597,IP_Vig_1,CS78843,ESP,42.31,2.53,Carlos Alonso-Blanco,Monsanto,GSM2099476_allc_9597.tsv.gz
9598,IP_Vim_0,CS78844,ESP,41.88,6.51,Carlos Alonso-Blanco,Monsanto,GSM2099477_allc_9598.tsv.gz
9599,IP_Vin_0,CS78846,ESP,42.8,5.77,Carlos Alonso-Blanco,Monsanto,GSM2099478_allc_9599.tsv.gz
9600,IP_Vis_0,CS78848,ESP,39.85,6.04,Carlos Alonso-Blanco,Monsanto,GSM2099479_allc_9600.tsv.gz
9601,IP_Voz_0,CS78849,ESP,41.85,1.88,Carlos Alonso-Blanco,Monsanto,GSM2099480_allc_9601.tsv.gz
9929,ISS_20,CS76947,FRA,43.92,3.71,0,Monsanto,GSM2099732_allc_9929.tsv.gz
9914,IST_29,CS76948,FRA,47.58,5.33,0,Monsanto,GSM2099720_allc_9914.tsv.gz
9744,Iasi_1,CS76944,ROU,47.16,27.59,0,Monsanto,GSM2099579_allc_9744.tsv.gz
9852,IP_Ini_0,CS76945,ESP,40.46,3.75,Carlos Alonso-Blanco,Monsanto,GSM2099668_allc_9852.tsv.gz
9095,Istisu_5,CS76950,AZE,38.9786,48.5594,James Beck,Monsanto,GSM2099360_allc_9095.tsv.gz
9099,Istisu_9,CS76953,AZE,38.9786,48.5594,James Beck,Monsanto,GSM2099361_allc_9099.tsv.gz
9701,Ivano_1,CS76954,BUL,43.7,25.91,0,Monsanto,GSM2099546_allc_9701.tsv.gz
9986,Jablo_1,CS76372,BUL,41.59,25.2,,MPI,GSM2099772_allc_9986.tsv.gz
7181,Je_0,CS76518,GER,50.927,11.587,Albert Kranz,Salk,GSM2099273_allc_7181.tsv.gz
10020,Jl_2,CS76956,CZE,49.17,16.5,,MPI,GSM2099125_allc_10020.tsv.gz
7424,Jl_3,CS76519,CZE,49.2,16.6166,Albert Kranz,Salk,GSM2099311_allc_7424.tsv.gz
9629,K_oze_1,CS76957,RUS,51.35,82.18,0,Monsanto,GSM2099500_allc_9629.tsv.gz
9630,K_oze_3,CS76958,RUS,51.34,82.16,0,Monsanto,GSM2328612_allc_9630.tsv.gz
9788,KBG1_14,CS76965,GER,48.53,9.01,0,Monsanto,GSM2099607_allc_9788.tsv.gz
9770,KBG2_13,CS76966,GER,48.53,9.01,0,Monsanto,GSM2099590_allc_9770.tsv.gz
7717,KNO1.37,CS76972,USA,41.273,86.625,Megan Dunning,Monsanto,GSM2328591_allc_7717.tsv.gz
801,KYC_33,CS76992,USA,37.9169,84.4639,Kathleen Donohue,Monsanto,GSM2328542_allc_801.tsv.gz
9408,Kal_1,CS76959,SWE,56.047,13.9519,Alison Anastasio,GMI,GSM2099383_allc_9408.tsv.gz
763,Kar_1,CS76522,KGZ,42.3,74.3667,Olivier Loudet,Salk,GSM2099319_allc_763.tsv.gz
9617,Karag_1,CS76960,RUS,51.37,59.44,0,Monsanto,GSM2099491_allc_9617.tsv.gz
9608,Karag_2,CS76961,RUS,51.37,59.44,0,Monsanto,GSM2099483_allc_9608.tsv.gz
9708,Kardz_1,CS76962,BUL,41.62,25.35,0,Monsanto,GSM2099553_allc_9708.tsv.gz
9717,Kardz_2,CS76963,BUL,41.66,25.47,0,Monsanto,GSM2099559_allc_9717.tsv.gz
8424,Kas_2,CS78905,IND,35,77,Shauna Somerville,Salk,GSM2099347_allc_8424.tsv.gz
10006,Kastel_1,CS76395,UKR,44.6419,34.3814,James Beck,MPI,GSM2099115_allc_10006.tsv.gz
7202,Kb_0,CS76524,GER,50.1797,8.50861,Albert Kranz,Salk,GSM2099275_allc_7202.tsv.gz
8238,Kent,CS76967,UK,51.15,0.4,Magnus Nordborg,Salk,GSM2328594_allc_8238.tsv.gz
9409,Kia_1,CS76968,SWE,56.0573,14.302,Alison Anastasio,GMI,GSM2099384_allc_9409.tsv.gz
9960,Kidr_1,CS76376,RUS,51.31,57.56,,MPI,GSM2328632_allc_9960.tsv.gz
9951,Kly_1,CS76385,RUS,51.3333,82.5667,Heike Schmuths,MPI,GSM2099751_allc_9951.tsv.gz
7186,Kn_0,CS76969,LTU,54.8969,23.8924,Albert Kranz,Mott,GSM2099274_allc_7186.tsv.gz
9749,Knjas_1,CS76971,SRB,43.54,22.29,0,Monsanto,GSM2099583_allc_9749.tsv.gz
6927,KNO_10,CS76973,USA,41.2816,86.621,Joy Bergelson,"Salk,MPI",GSM2328571_allc_6927.tsv.gz
7427,Ko_2,CS76531,DEN,,,Albert Kranz,Salk,GSM2099312_allc_7427.tsv.gz
9699,Kolar_1,CS76974,BUL,41.37,23.14,0,Monsanto,GSM2099544_allc_9699.tsv.gz
9625,Kolyv_2,CS76977,RUS,51.31,82.59,0,Monsanto,GSM2099496_allc_9625.tsv.gz
9626,Kolyv_3,CS76978,RUS,51.36,82.59,0,Monsanto,GSM2099497_allc_9626.tsv.gz
9627,Kolyv_5,CS76979,RUS,51.32,82.55,0,Monsanto,GSM2099498_allc_9627.tsv.gz
9628,Kolyv_6,CS76980,RUS,51.33,82.54,0,Monsanto,GSM2099499_allc_9628.tsv.gz
9953,Koz_2,CS76383,RUS,51.33,82.19,,MPI,GSM2099752_allc_9953.tsv.gz
9616,Krazo_1,CS76984,RUS,53.06,51.96,0,Monsanto,GSM2099490_allc_9616.tsv.gz
9781,Kus2_2,CS76990,GER,48.52,9.11,0,Monsanto,GSM2099600_allc_9781.tsv.gz
9802,Kus3_1,CS76991,GER,48.51,9.11,0,Monsanto,GSM2099621_allc_9802.tsv.gz
6830,Kz_13,CS76994,KAZ,49.5,73.1,Ihsan Al-Shehbaz,MPI,GSM2099229_allc_6830.tsv.gz
108,LDV_18,CS77013,FRA,48.5167,4.06667,Valerie Le Corre,Monsanto,GSM2328540_allc_108.tsv.gz
630,LI_OF_065,CS77036,USA,40.7777,72.9069,Oliver Bossdorf,Monsanto,GSM2099222_allc_630.tsv.gz
728,LI_SET_019,CS78956,USA,40.9352,73.114,Oliver Bossdorf,MPI,GSM2099285_allc_728.tsv.gz
915,LIN_S_5,CS77040,USA,41.8972,71.4378,Kathleen Donohue,Monsanto,GSM2328543_allc_915.tsv.gz
6933,LL_0,CS77047,ESP,41.59,2.49,Albert Kranz,Salk,GSM2328572_allc_6933.tsv.gz
9853,IP_Lac_0,CS76996,ESP,43.33,5.91,Carlos Alonso-Blanco,Monsanto,GSM2099669_allc_9853.tsv.gz
9854,IP_Laf_1,CS76997,ESP,43.36,5.88,Carlos Alonso-Blanco,Monsanto,GSM2099670_allc_9854.tsv.gz
9100,Lag1_2,CS76998,GEO,41.8296,46.2831,James Beck,Monsanto,GSM2328604_allc_9100.tsv.gz
9102,Lag1_4,CS76999,GEO,41.8296,46.2831,James Beck,Monsanto,GSM2328605_allc_9102.tsv.gz
9103,Lag1_5,CS77000,GEO,41.8296,46.2831,James Beck,Monsanto,GSM2099362_allc_9103.tsv.gz
9104,Lag1_6,CS77001,GEO,41.8296,46.2831,James Beck,Monsanto,GSM2099363_allc_9104.tsv.gz
9105,Lag1_7,CS77002,GEO,41.8296,46.2831,James Beck,Monsanto,GSM2099364_allc_9105.tsv.gz
9106,Lag1_8,CS77003,GEO,41.8296,46.2831,James Beck,Monsanto,GSM2099365_allc_9106.tsv.gz
9115,Lag2_10,CS77004,GEO,41.8296,46.2831,James Beck,Monsanto,GSM2099369_allc_9115.tsv.gz
9990,Lag2_2,CS76390,GEO,41.8296,46.2831,James Beck,MPI,GSM2099775_allc_9990.tsv.gz
9111,Lag2_4,CS77005,GEO,41.8296,46.2831,James Beck,Monsanto,GSM2099366_allc_9111.tsv.gz
9113,Lag2_6,CS77006,GEO,41.8296,46.2831,James Beck,Monsanto,GSM2099367_allc_9113.tsv.gz
9114,Lag2_7,CS77007,GEO,41.8296,46.2831,James Beck,Monsanto,GSM2099368_allc_9114.tsv.gz
9963,Lago_1,CS76367,ITA,39.18,16.26,,MPI,GSM2099759_allc_9963.tsv.gz
9855,IP_Lam_0,CS77008,ESP,40.57,3.89,Carlos Alonso-Blanco,Monsanto,GSM2099671_allc_9855.tsv.gz
9421,Lan_1,CS77009,SWE,55.9745,14.3997,Alison Anastasio,GMI,GSM2099385_allc_9421.tsv.gz
9856,IP_Lch_0,CS77010,ESP,40.51,4,Carlos Alonso-Blanco,Monsanto,GSM2099672_allc_9856.tsv.gz
7218,Le_0,CS76540,NED,52.1611,4.49015,Albert Kranz,Salk,GSM2099276_allc_7218.tsv.gz
9631,Lebja_1,CS77015,RUS,51.65,80.79,0,Monsanto,GSM2099501_allc_9631.tsv.gz
9632,Lebja_2,CS77016,RUS,51.67,80.82,0,Monsanto,GSM2099502_allc_9632.tsv.gz
9633,Lebja_4,CS77017,RUS,51.63,80.83,0,Monsanto,GSM2099503_allc_9633.tsv.gz
9987,Lecho_1,CS76371,BUL,41.43,23.5,,MPI,GSM2099773_allc_9987.tsv.gz
9857,IP_Leg_0,CS77019,ESP,40.33,3.8,Carlos Alonso-Blanco,Monsanto,GSM2099673_allc_9857.tsv.gz
9945,Leo_1,CS76413,ESP,41.8,3.11,,MPI,GSM2099745_allc_9945.tsv.gz
7213,Ler_0,CS77020,GER,47.984,10.8719,Maarten Koornneef,Mott,GSM2328584_allc_7213.tsv.gz
10013,Lerik1_3,CS76388,AZE,38.7406,48.6131,James Beck,MPI,GSM2099119_allc_10013.tsv.gz
9075,Lerik1_4,CS77023,AZE,38.7406,48.6131,James Beck,Monsanto,GSM2099355_allc_9075.tsv.gz
9078,Lerik1_7,CS77024,AZE,38.7406,48.6131,James Beck,Monsanto,GSM2328601_allc_9078.tsv.gz
9079,Lerik2_1,CS77025,AZE,38.7833,48.5517,James Beck,Monsanto,GSM2328602_allc_9079.tsv.gz
9081,Lerik2_3,CS77026,AZE,38.7833,48.5517,James Beck,Monsanto,GSM2099356_allc_9081.tsv.gz
9084,Lerik2_6,CS77028,AZE,38.7833,48.5517,James Beck,Monsanto,GSM2099357_allc_9084.tsv.gz
9085,Lerik2_7,CS77029,AZE,38.7833,48.5517,James Beck,Monsanto,GSM2328603_allc_9085.tsv.gz
9716,Leska_1_44,CS77030,BUL,41.54,24.98,0,Monsanto,GSM2099558_allc_9716.tsv.gz
9611,Lesno_1,CS77032,RUS,53.04,51.9,0,Monsanto,GSM2099486_allc_9611.tsv.gz
9612,Lesno_2,CS77033,RUS,53.04,51.94,0,Monsanto,GSM2099487_allc_9612.tsv.gz
9610,Lesno_4,CS77034,RUS,53.04,51.96,0,Monsanto,GSM2099485_allc_9610.tsv.gz
7231,Li_7,CS77035,GER,50.3833,8.0666,Albert Kranz,Monsanto,GSM2328585_allc_7231.tsv.gz
8326,Lis_1,CS77042,SWE,56.0328,14.775,Magnus Nordborg,GMI,GSM2099337_allc_8326.tsv.gz
6041,Lis_3,CS77044,SWE,56.0328,14.775,Magnus Nordborg,GMI,GSM2099190_allc_6041.tsv.gz
7236,Litva,CS76543,LTU,,,Igor Vizir,Salk,GSM2099277_allc_7236.tsv.gz
9858,IP_Loz_0,CS77051,ESP,40.98,3.8,Carlos Alonso-Blanco,Monsanto,GSM2099674_allc_9858.tsv.gz
7521,Lp2_6,CS77052,CZE,49.38,16.81,Ivo Cetl,Salk,GSM2099318_allc_7521.tsv.gz
9859,IP_Lro_0,CS77054,ESP,40.5,3.88,Carlos Alonso-Blanco,Monsanto,GSM2099675_allc_9859.tsv.gz
8334,Lu_1,CS77056,SWE,55.71,13.2,Albert Kranz,GMI,GSM2328598_allc_8334.tsv.gz
9782,Lu3_30,CS77057,GER,48.53,9.09,0,Monsanto,GSM2099601_allc_9782.tsv.gz
9792,Lu4_2,CS77058,GER,48.54,9.09,0,Monsanto,GSM2099611_allc_9792.tsv.gz
9860,IP_Lum_0,CS77059,ESP,42.24,2.62,Carlos Alonso-Blanco,Monsanto,GSM2099676_allc_9860.tsv.gz
9915,MAR_4_16,CS77069,FRA,47.45,3.94,0,Monsanto,GSM2099721_allc_9915.tsv.gz
159,MAR2_3,CS77070,FRA,47.35,3.93333,Valerie Le Corre,Monsanto,GSM2099135_allc_159.tsv.gz
870,MIC_31,CS77082,USA,41.8266,86.4366,Kathleen Donohue,Monsanto,GSM2099351_allc_870.tsv.gz
1925,MNF_Che_2,CS77096,USA,43.5251,86.1843,Diane Byers,Monsanto,GSM2099138_allc_1925.tsv.gz
1954,MNF_Jac_12,CS77097,USA,43.5187,86.1739,Diane Byers,Monsanto,GSM2099139_allc_1954.tsv.gz
2016,MNF_Pin_39,CS77098,USA,43.5356,86.1788,Diane Byers,Monsanto,GSM2099140_allc_2016.tsv.gz
2017,MNF_Pin_40,CS78982,USA,43.5356,86.1788,Diane Byers,MPI,GSM2328546_allc_2017.tsv.gz
1853,MNF_Pot_21,CS77099,USA,43.595,86.2657,Diane Byers,Monsanto,GSM2328544_allc_1853.tsv.gz
1872,MNF_Pot_75,CS77100,USA,43.595,86.2657,Diane Byers,Monsanto,GSM2328545_allc_1872.tsv.gz
1890,MNF_Riv_21,CS77101,USA,43.5139,86.1859,Diane Byers,Monsanto,GSM2099137_allc_1890.tsv.gz
9862,IP_Mad_0,CS77062,ESP,40.45,3.67,Carlos Alonso-Blanco,Monsanto,GSM2099678_allc_9862.tsv.gz
9906,IP_Mah_6,CS77063,ESP,40,4.25,Xavier Picó,Monsanto,GSM2099716_allc_9906.tsv.gz
9720,Malak_1,CS77064,BUL,41.77,25.68,0,Monsanto,GSM2328617_allc_9720.tsv.gz
9964,Mammo_1,CS76365,ITA,38.36,16.23,,MPI,GSM2099760_allc_9964.tsv.gz
9965,Mammo_2,CS76364,ITA,38.38,16.22,,MPI,GSM2099761_allc_9965.tsv.gz
9655,Marce_1,CS77071,ITA,38.92,16.47,0,Monsanto,GSM2099524_allc_9655.tsv.gz
9656,Marti_1,CS77072,ITA,40.64,17.31,0,Monsanto,GSM2099525_allc_9656.tsv.gz
9634,Masl_1,CS77073,RUS,54.13,81.31,0,Monsanto,GSM2099504_allc_9634.tsv.gz
9864,IP_Mat_0,CS77074,ESP,41.76,2.69,Xavier Picó,Monsanto,GSM2099679_allc_9864.tsv.gz
5757,Mc_1,CS78785,UK,54.6,2.3,D. Ratcliffe,Monsanto,GSM2099169_allc_5757.tsv.gz
9866,IP_Mdd_0,CS77076,ESP,41.89,2.79,Carlos Alonso-Blanco,Monsanto,GSM2099680_allc_9866.tsv.gz
1829,Mdn_1,CS77077,USA,42.051,86.509,Diane Byers,Monsanto,GSM2099136_allc_1829.tsv.gz
7250,Me_0,CS76549,GER,51.9183,10.1138,Albert Kranz,Salk,GSM2099279_allc_7250.tsv.gz
9657,Melic_1,CS77078,ITA,38.45,16.04,0,Monsanto,GSM2099526_allc_9657.tsv.gz
9703,Melni_1,CS77079,BUL,41.53,23.39,0,Monsanto,GSM2099548_allc_9703.tsv.gz
9704,Melni_2,CS77080,BUL,41.53,23.39,0,Monsanto,GSM2099549_allc_9704.tsv.gz
9946,Mer_6,CS76414,ESP,38.92,6.34,,MPI,GSM2099746_allc_9946.tsv.gz
9867,IP_Mie_1,CS77083,ESP,40.94,3.22,Xavier Picó,Monsanto,GSM2099681_allc_9867.tsv.gz
8337,Mir_0,CS76551,ITA,44,12.37,Albert Kranz,Salk,GSM2099338_allc_8337.tsv.gz
9665,Mitterberg_1_180,CS78908,ITA,46.366,11.2832,Joerg Wunder,Monsanto,GSM2328615_allc_9665.tsv.gz
9973,Mitterberg_1_181,CS76354,ITA,46.366,11.2832,Joerg Wunder,MPI,GSM2099765_allc_9973.tsv.gz
9668,Mitterberg_2_184,CS77085,ITA,46.3668,11.2837,Joerg Wunder,Monsanto,GSM2099532_allc_9668.tsv.gz
9671,Mitterberg_3_187,CS77088,ITA,46.3668,11.2837,Joerg Wunder,Monsanto,GSM2099533_allc_9671.tsv.gz
9676,Mitterberg_4_192,CS77093,ITA,46.3718,11.2866,Joerg Wunder,Monsanto,GSM2099534_allc_9676.tsv.gz
9678,Mitterberg_4_194,CS77095,ITA,46.3718,11.2866,Joerg Wunder,Monsanto,GSM2099535_allc_9678.tsv.gz
7244,Mnz_0,CS76552,GER,50.001,8.26664,Albert Kranz,Salk,GSM2099278_allc_7244.tsv.gz
9868,IP_Moe_0,CS77104,ESP,41.78,2.37,Xavier Picó,Monsanto,GSM2099682_allc_9868.tsv.gz
9869,IP_Moj_0,CS77105,ESP,36.76,5.28,Xavier Picó,Monsanto,GSM2099683_allc_9869.tsv.gz
9966,Monte_1,CS76361,ITA,40.28,15.65,,MPI,GSM2099762_allc_9966.tsv.gz
9870,IP_Moz_0,CS77111,ESP,41.91,0.17,Carlos Alonso-Blanco,Monsanto,GSM2099684_allc_9870.tsv.gz
9803,Muh_2,CS77113,GER,48.42,8.76,0,Monsanto,GSM2099622_allc_9803.tsv.gz
8246,NC_6,CS77124,USA,35,79.18,Joy Bergelson,Salk,GSM2099330_allc_8246.tsv.gz
6943,NFA_10,CS77126,UK,51.4083,0.6383,Mick Crawley,Salk,GSM2099239_allc_6943.tsv.gz
6944,NFA_8,CS78913,UK,51.4083,0.6383,Mick Crawley,Salk,GSM2099240_allc_6944.tsv.gz
9932,NOZ_6,CS77134,FRA,44.12,4.33,0,Monsanto,GSM2099734_allc_9932.tsv.gz
8343,Na_1,CS76558,FRA,47.5,1.5,Albert Kranz,Salk,GSM2099339_allc_8343.tsv.gz
9871,IP_Nac_0,CS77117,ESP,40.75,3.99,Carlos Alonso-Blanco,Monsanto,GSM2099685_allc_9871.tsv.gz
9089,Nar_3,CS77119,AZE,38.9522,48.925,James Beck,Monsanto,GSM2099358_allc_9089.tsv.gz
9091,Nar_5,CS77121,AZE,38.9522,48.925,James Beck,Monsanto,GSM2099359_allc_9091.tsv.gz
7430,Nc_1,CS76559,FRA,48.6167,6.25,Albert Kranz,Salk,GSM2328589_allc_7430.tsv.gz
9873,IP_Ndc_0,CS77125,ESP,37.94,5.45,Xavier Picó,Monsanto,GSM2099687_allc_9873.tsv.gz
9993,Nemrut_1,CS76398,TUR,38.6425,42.2394,James Beck,MPI,GSM2328638_allc_9993.tsv.gz
9658,Nicas_1,CS77127,ITA,38.97,16.34,0,Monsanto,GSM2099527_allc_9658.tsv.gz
9996,Nie1_2,CS76402,GER,48.52,8.8,,MPI,GSM2099778_allc_9996.tsv.gz
7273,No_0,CS77128,GER,51.0581,13.2995,Albert Kranz,Mott,GSM2099282_allc_7273.tsv.gz
9635,Nosov_1,CS77130,RUS,51.87,80.6,0,Monsanto,GSM2099505_allc_9635.tsv.gz
9636,Noveg_1,CS77131,RUS,51.75,80.82,0,Monsanto,GSM2099506_allc_9636.tsv.gz
9637,Noveg_2,CS77132,RUS,51.77,80.85,0,Monsanto,GSM2099507_allc_9637.tsv.gz
9638,Noveg_3,CS77133,RUS,51.73,80.86,0,Monsanto,GSM2099508_allc_9638.tsv.gz
9433,Nyl_13,CS77135,SWE,62.9513,18.2763,Alison Anastasio,GMI,GSM2099386_allc_9433.tsv.gz
6064,Nyl_2,CS77136,SWE,62.9513,18.2763,Magnus Nordborg,GMI,GSM2099191_allc_6064.tsv.gz
6073,ÖMö1_7,CS77147,SWE,56.1481,15.8155,Magnus Nordborg,GMI,GSM2099192_allc_6073.tsv.gz
9804,Obe1_15,CS77139,GER,48.45,8.87,0,Monsanto,GSM2099623_allc_9804.tsv.gz
9789,Obh_13,CS77140,GER,48.39,8.96,0,Monsanto,GSM2099608_allc_9789.tsv.gz
9874,IP_Oja_0,CS77143,ESP,42.34,3,Carlos Alonso-Blanco,Monsanto,GSM2099688_allc_9874.tsv.gz
9727,Olympia_2,CS77144,GRC,37.63,21.62,0,Monsanto,GSM2099566_allc_9727.tsv.gz
7282,Or_0,CS76568,GER,50.3827,8.01161,Albert Kranz,Salk,GSM2099283_allc_7282.tsv.gz
9741,Orast_1,CS77151,ROU,45.84,23.16,0,Monsanto,GSM2099577_allc_9741.tsv.gz
8351,Ost_0,CS77154,SWE,60.25,18.37,Albert Kranz,GMI,GSM2328599_allc_8351.tsv.gz
9875,IP_Ovi_1,CS77155,ESP,43.38,5.87,Carlos Alonso-Blanco,Monsanto,GSM2099689_allc_9875.tsv.gz
7288,Oy_0,CS77156,NOR,60.385543,6.193019,Albert Kranz,Mott,GSM2099284_allc_7288.tsv.gz
8243,PHW_2,CS77173,ITA,43.7703,11.2547,Paul Williams,Salk,GSM2328595_allc_8243.tsv.gz
8239,PHW_3,CS76976,GER,51,7,Paul Williams,Salk,GSM2099328_allc_8239.tsv.gz
8244,PHW_34,CS77174,FRA,48.6103,2.3086,Paul Williams,Salk,GSM2099329_allc_8244.tsv.gz
9924,PLY_20,CS77181,FRA,48.59,4.24,0,Monsanto,GSM2099729_allc_9924.tsv.gz
7917,PNA3.10,CS77183,USA,42.0945,86.3253,Megan Dunning,Monsanto,GSM2099321_allc_7917.tsv.gz
7947,PNA3.40,CS77184,USA,42.0945,86.3253,Megan Dunning,Monsanto,GSM2099322_allc_7947.tsv.gz
8077,PT2.21,CS77191,USA,41.3423,86.7368,Megan Dunning,Monsanto,GSM2099323_allc_8077.tsv.gz
265,PYL_6,CS77198,FRA,44.65,1.16667,Valerie Le Corre,Monsanto,GSM2099144_allc_265.tsv.gz
9876,IP_Pad_0,CS77158,ESP,41.34,0.99,Carlos Alonso-Blanco,Monsanto,GSM2099690_allc_9876.tsv.gz
9607,Panik_1,CS77161,RUS,53.05,52.15,0,Monsanto,GSM2099482_allc_9607.tsv.gz
9639,Panke_1,CS77162,RUS,53.82,80.31,0,Monsanto,GSM2099509_allc_9639.tsv.gz
9615,Parti_1,CS77163,RUS,52.99,52.16,0,Monsanto,GSM2099489_allc_9615.tsv.gz
2171,Paw_26,CS77164,USA,42.148,86.431,Diane Byers,Monsanto,GSM2328547_allc_2171.tsv.gz
9877,IP_Pdl_0,CS77165,ESP,43.02,5.6,Carlos Alonso-Blanco,Monsanto,GSM2099691_allc_9877.tsv.gz
9947,Ped_0,CS76415,ESP,40.74,3.9,,MPI,GSM2099747_allc_9947.tsv.gz
9878,IP_Pee_0,CS77167,ESP,40.78,3.62,Carlos Alonso-Blanco,Monsanto,GSM2099692_allc_9878.tsv.gz
2202,Pent_23,CS77168,USA,43.7623,86.3929,Diane Byers,Monsanto,GSM2099141_allc_2202.tsv.gz
9879,IP_Per_0,CS77169,ESP,37.6,1.12,Carlos Alonso-Blanco,Monsanto,GSM2099693_allc_9879.tsv.gz
8354,Per_1,CS76571,RUS,58,56.3167,Albert Kranz,Salk,GSM2099341_allc_8354.tsv.gz
7296,Petergof,CS77170,RUS,59,29,Igor Vizir,Monsanto,GSM2328586_allc_7296.tsv.gz
10017,Petro_1,CS76370,SRB,44.34,21.46,,MPI,GSM2099123_allc_10017.tsv.gz
9805,Pfn_10,CS77171,GER,48.54,9.09,0,Monsanto,GSM2099624_allc_9805.tsv.gz
9771,Pfn_N2.2_6,CS77172,GER,48.56,9.11,0,Monsanto,GSM2099591_allc_9771.tsv.gz
7298,Pi_0,CS76572,AUT,47.04,10.51,Albert Kranz,Salk,GSM2099286_allc_7298.tsv.gz
9880,IP_Pib_1,CS77175,ESP,42.72,3.44,Carlos Alonso-Blanco,Monsanto,GSM2099694_allc_9880.tsv.gz
9881,IP_Pie_0,CS77176,ESP,40.46,5.32,Carlos Alonso-Blanco,Monsanto,GSM2099695_allc_9881.tsv.gz
9659,Pigna_1,CS77177,ITA,41.18,14.18,0,Monsanto,GSM2099528_allc_9659.tsv.gz
9882,IP_Pil_0,CS77178,ESP,40.46,4.26,Carlos Alonso-Blanco,Monsanto,GSM2099696_allc_9882.tsv.gz
9883,IP_Piq_0,CS77179,ESP,42.1,2.56,Carlos Alonso-Blanco,Monsanto,GSM2099697_allc_9883.tsv.gz
8357,Pla_0,CS76573,ESP,41.5,2.25,Albert Kranz,Salk,GSM2099342_allc_8357.tsv.gz
7307,Pn_0,CS77182,FRA,48.0653,2.96591,Albert Kranz,Monsanto,GSM2099288_allc_7307.tsv.gz
9707,Podvi_1,CS77187,BUL,41.57,24.84,0,Monsanto,GSM2099552_allc_9707.tsv.gz
9948,Pra_6,CS76416,ESP,41.05,3.54,,MPI,GSM2099748_allc_9948.tsv.gz
9885,IP_Prd_0,CS77189,ESP,41.14,3.68,Carlos Alonso-Blanco,Monsanto,GSM2099698_allc_9885.tsv.gz
9886,IP_Pru_0,CS77190,ESP,42.38,1.73,Xavier Picó,Monsanto,GSM2099699_allc_9886.tsv.gz
7305,Pt_0,CS78915,GER,53.476,10.6065,Albert Kranz,Salk,GSM2099287_allc_7305.tsv.gz
6956,Pu2_7,CS76580,CZE,49.42,16.36,Ivo Cetl,Salk,GSM2099241_allc_6956.tsv.gz
6957,Pu2_8,CS77192,CZE,49.42,16.36,Ivo Cetl,Salk,GSM2328574_allc_6957.tsv.gz
9888,IP_Pva_1,CS77197,ESP,40.93,3.31,Xavier Picó,Monsanto,GSM2099700_allc_9888.tsv.gz
9949,Qui_0,CS76417,ESP,42.69,6.93,,MPI,GSM2099749_allc_9949.tsv.gz
9917,RAD_21,CS77200,FRA,46.69,4.34,0,Monsanto,GSM2099723_allc_9917.tsv.gz
8132,RMX3.22,CS77219,USA,42.036,86.511,Megan Dunning,Monsanto,GSM2099324_allc_8132.tsv.gz
7515,RRS_10,CS76592,USA,41.5609,86.4251,Joy Bergelson,"MPI,Salk",GSM2099317_allc_7515.tsv.gz
7514,RRS_7,CS76593,USA,41.5609,86.4251,Joy Bergelson,Salk,GSM2099316_allc_7514.tsv.gz
9925,RUM_20,CS77226,FRA,48.91,4.52,0,Monsanto,GSM2328628_allc_9925.tsv.gz
8365,Rak_2,CS77201,CZE,49,16,Albert Kranz,Salk,GSM2099343_allc_8365.tsv.gz
9640,Rakit_1,CS77202,RUS,51.87,80.06,0,Monsanto,GSM2099510_allc_9640.tsv.gz
9641,Rakit_2,CS77203,RUS,51.9,80.06,0,Monsanto,GSM2099511_allc_9641.tsv.gz
9642,Rakit_3,CS77204,RUS,51.84,80.06,0,Monsanto,GSM2328613_allc_9642.tsv.gz
6960,Rennes_11,CS77211,FRA,48.5,1.41,Gerhard Röbbelen,Salk,GSM2328575_allc_6960.tsv.gz
6959,Rennes_1,CS77210,FRA,48.5,1.41,Gerhard Röbbelen,Salk,GSM2099242_allc_6959.tsv.gz
7316,Rhen_1,CS78916,NED,51.9667,5.56667,Maarten Koornneef,Salk,GSM2099290_allc_7316.tsv.gz
9890,IP_Rib_1,CS77217,ESP,43.16,5.07,Carlos Alonso-Blanco,Monsanto,GSM2099701_allc_9890.tsv.gz
7525,Rmx_A180,CS77218,USA,42.036,86.511,Joy Bergelson,Salk,GSM2328590_allc_7525.tsv.gz
7320,Rou_0,CS76591,FRA,49.4424,1.09849,Albert Kranz,Salk,GSM2099291_allc_7320.tsv.gz
9976,Rovero_1,CS76351,ITA,46.2543,11.167,Joerg Wunder,MPI,GSM2099766_allc_9976.tsv.gz
7322,Rsch_4,CS77222,RUS,56.3,34,Albert Kranz,Mott,GSM2099292_allc_7322.tsv.gz
9806,Ru_2,CS77223,GER,48.56,9.16,0,Monsanto,GSM2099625_allc_9806.tsv.gz
9793,Ru_N2,CS77224,GER,48.57,9.16,0,Monsanto,GSM2099612_allc_9793.tsv.gz
9768,Ru4_16,CS77225,GER,48.57,9.16,0,Monsanto,GSM2099588_allc_9768.tsv.gz
9997,Rue3_1_31,CS76406,GER,48.56,9.16,,MPI,GSM2099779_allc_9997.tsv.gz
9918,SAUL_24,CS77237,FRA,47.43,5.21,0,Monsanto,GSM2328627_allc_9918.tsv.gz
2276,SLSP_31,CS77254,USA,43.665,86.496,Diane Byers,Monsanto,GSM2328548_allc_2276.tsv.gz
2278,SLSP_35,CS77255,USA,43.665,86.496,Diane Byers,Monsanto,GSM2099142_allc_2278.tsv.gz
9891,IP_Sal_0,CS77230,ESP,41.93,2.92,Xavier Picó,Monsanto,GSM2099702_allc_9891.tsv.gz
9892,IP_Sam_0,CS77231,ESP,42.68,6.96,Carlos Alonso-Blanco,Monsanto,GSM2099703_allc_9892.tsv.gz
8247,San_2,CS77233,SWE,56.07,13.74,Magnus Nordborg,GMI,GSM2099331_allc_8247.tsv.gz
9660,Sarno_1,CS77236,ITA,40.84,14.57,0,Monsanto,GSM2099529_allc_9660.tsv.gz
9721,Schip_1,CS77239,BUL,42.72,25.33,0,Monsanto,GSM2099562_allc_9721.tsv.gz
9807,Schl_7,CS77240,GER,48.6,9.22,0,Monsanto,GSM2099626_allc_9807.tsv.gz
9894,IP_Sen_0,CS77243,ESP,42.59,0.76,Xavier Picó,Monsanto,GSM2099705_allc_9894.tsv.gz
5772,Set_1,CS78787,UK,54.1,2.3,D. Ratcliffe,Monsanto,GSM2099170_allc_5772.tsv.gz
9643,Sever_1,CS77245,RUS,52.1,79.31,0,Monsanto,GSM2099512_allc_9643.tsv.gz
7327,Sf_1,CS77246,ESP,41.7833,3.03333,F. Laibach,Salk,GSM2099293_allc_7327.tsv.gz
7328,Sf_2,CS77247,ESP,41.7833,3.03333,Albert Kranz,Mott,GSM2099294_allc_7328.tsv.gz
9895,IP_Sfb_6,CS77248,ESP,41.78,2.57,Xavier Picó,Monsanto,GSM2099706_allc_9895.tsv.gz
9958,Shigu_1,CS76375,RUS,53.33,49.48,,MPI,GSM2099756_allc_9958.tsv.gz
9959,Shigu_2,CS76374,RUS,53.33,49.48,,MPI,GSM2328631_allc_9959.tsv.gz
7337,Si_0,CS76601,GER,50.8738,8.02341,Albert Kranz,Salk,GSM2099296_allc_7337.tsv.gz
9745,Sij_1/96,CS77249,UZB,41.45,70.05,0,Monsanto,GSM2099580_allc_9745.tsv.gz
10008,Sij_1,CS76379,UZB,41.45,70.05,Heike Schmuths,MPI,GSM2328644_allc_10008.tsv.gz
10009,Sij_2,CS76380,UZB,41.45,70.05,,MPI,GSM2099116_allc_10009.tsv.gz
10010,Sij_4,CS76381,UZB,41.45,70.05,,MPI,GSM2099117_allc_10010.tsv.gz
9985,Slavi_1,CS76419,BUL,41.43,23.65,,MPI,GSM2099771_allc_9985.tsv.gz
9723,Slavi_2,CS77252,BUL,41.42,23.67,0,Monsanto,GSM2099564_allc_9723.tsv.gz
9718,Smolj_1,CS77256,BUL,41.55,24.75,0,Monsanto,GSM2099560_allc_9718.tsv.gz
9897,IP_Smt_1,CS77257,ESP,40.95,5.63,Xavier Picó,Monsanto,GSM2099707_allc_9897.tsv.gz
9898,IP_Som_0,CS77259,ESP,41.14,3.58,Carlos Alonso-Blanco,Monsanto,GSM2099708_allc_9898.tsv.gz
9450,Spro_1,CS77263,SWE,57.2545,18.2109,Alison Anastasio,GMI,GSM2099387_allc_9450.tsv.gz
9451,Spro_2,CS77264,SWE,57.2545,18.2109,Alison Anastasio,GMI,GSM2099388_allc_9451.tsv.gz
6966,Sq_1,CS77266,UK,51.4083,0.6383,Mick Crawley,Salk,GSM2328576_allc_6966.tsv.gz
6086,Sr:3,CS77267,SWE,58.9,11.2,Ivo Cetl,GMI,GSM2099193_allc_6086.tsv.gz
8386,Sr:5,CS77268,SWE,58.9,11.2,Ivo Cetl,GMI,GSM2099345_allc_8386.tsv.gz
9754,Sredn_1,CS77269,SRB,44.66,21.37,0,Monsanto,GSM2099584_allc_9754.tsv.gz
9998,Star_8,CS76400,GER,48.43,8.82,,MPI,GSM2099780_allc_9998.tsv.gz
9713,Stara_1,CS77271,BUL,42.49,25.61,0,Monsanto,GSM2099556_allc_9713.tsv.gz
9756,Staro_2,CS77273,SRB,44.3,21.08,0,Monsanto,GSM2099586_allc_9756.tsv.gz
2317,Ste_40,CS77278,USA,42.03,86.514,Diane Byers,Monsanto,GSM2099143_allc_2317.tsv.gz
7346,Sten_0,CS77277,GER,52.6058,11.8558,Albert Kranz,Monsanto,GSM2099298_allc_7346.tsv.gz
9956,Stepn_1,CS76378,RUS,54.06,60.48,,MPI,GSM2099754_allc_9956.tsv.gz
9955,Stepn_2,CS76377,RUS,54.09,60.46,,MPI,GSM2328630_allc_9955.tsv.gz
9728,Stiav_1,CS77279,SVK,48.46,18.9,0,Monsanto,GSM2099567_allc_9728.tsv.gz
9729,Stiav_2,CS77280,SVK,48.46,18.9,0,Monsanto,GSM2099568_allc_9729.tsv.gz
9731,Stiav_3,CS77281,SVK,48.46,18.9,0,Monsanto,GSM2328619_allc_9731.tsv.gz
10023,Strand_1,CS77284,NOR,68.8,15.45,,MPI,GSM2099128_allc_10023.tsv.gz
7342,Su_0,CS76606,UK,53.6473,3.00733,Albert Kranz,Salk,GSM2099297_allc_7342.tsv.gz
6099,T1090,CS77293,SWE,55.6575,13.2386,Mattias Jakobsson,GMI,GSM2099194_allc_6099.tsv.gz
6106,T460,CS77298,SWE,55.7931,13.1186,Mattias Jakobsson,GMI,GSM2099195_allc_6106.tsv.gz
6107,T470,CS77299,SWE,55.7942,13.1222,Mattias Jakobsson,GMI,GSM2099196_allc_6107.tsv.gz
6108,T480,CS77300,SWE,55.7989,13.1206,Mattias Jakobsson,GMI,GSM2099197_allc_6108.tsv.gz
6111,T530,CS77302,SWE,55.7989,13.1219,Mattias Jakobsson,GMI,GSM2099198_allc_6111.tsv.gz
6133,T800,CS77317,SWE,55.8364,13.2906,Mattias Jakobsson,GMI,GSM2099199_allc_6133.tsv.gz
6137,T850,CS77320,SWE,55.9419,13.5603,Mattias Jakobsson,GMI,GSM2099200_allc_6137.tsv.gz
6138,T860,CS77321,SWE,55.9403,13.5511,Mattias Jakobsson,GMI,GSM2099201_allc_6138.tsv.gz
6140,T880,CS77322,SWE,55.9392,13.5539,Mattias Jakobsson,GMI,GSM2099202_allc_6140.tsv.gz
6145,T930,CS77324,SWE,55.9497,13.5533,Mattias Jakobsson,GMI,GSM2099203_allc_6145.tsv.gz
6148,T960,CS77325,SWE,55.9319,13.5508,Mattias Jakobsson,GMI,GSM2099204_allc_6148.tsv.gz
6154,TAA_04,CS77330,SWE,62.6422,17.7406,Mattias Jakobsson,GMI,GSM2099205_allc_6154.tsv.gz
6163,TAA_14,CS77331,SWE,62.6425,17.7356,Mattias Jakobsson,GMI,GSM2099206_allc_6163.tsv.gz
6166,TAA_17,CS77332,SWE,62.6425,17.7372,Mattias Jakobsson,GMI,GSM2099207_allc_6166.tsv.gz
6169,TÅD_01,CS77333,SWE,62.8714,18.3447,Mattias Jakobsson,GMI,GSM2099208_allc_6169.tsv.gz
6174,TÅD_06,CS77337,SWE,62.8719,18.3422,Mattias Jakobsson,GMI,GSM2099210_allc_6174.tsv.gz
6177,TÄL_03,CS77338,SWE,62.6322,17.69,Mattias Jakobsson,GMI,GSM2099211_allc_6177.tsv.gz
6198,TDr_13,CS77347,SWE,55.7708,14.1331,Mattias Jakobsson,GMI,GSM2099213_allc_6198.tsv.gz
6201,TDr_16,CS77348,SWE,55.7719,14.1211,Mattias Jakobsson,GMI,GSM2099214_allc_6201.tsv.gz
6203,TDr_18,CS77350,SWE,55.7714,14.1208,Mattias Jakobsson,GMI,GSM2099215_allc_6203.tsv.gz
6195,TDr_9,CS77356,SWE,55.7708,14.1342,Mattias Jakobsson,GMI,GSM2099212_allc_6195.tsv.gz
6217,TFÄ_07,CS77363,SWE,63.0169,18.3283,Mattias Jakobsson,GMI,GSM2328566_allc_6217.tsv.gz
6218,TFÄ_08,CS77364,SWE,63.0172,18.3283,Mattias Jakobsson,GMI,GSM2099216_allc_6218.tsv.gz
6220,TGR_01,CS77365,SWE,62.806,18.1896,Mattias Jakobsson,GMI,GSM2099217_allc_6220.tsv.gz
6241,TOM_07,CS77376,SWE,62.9614,18.3608,Mattias Jakobsson,GMI,GSM2099218_allc_6241.tsv.gz
350,TOU_A1_88,CS77382,FRA,46.6667,4.11667,Fabrice Roux,Monsanto,GSM2099145_allc_350.tsv.gz
351,TOU_A1_89,CS77383,FRA,46.6667,4.11667,Fabrice Roux,Monsanto,GSM2099146_allc_351.tsv.gz
9926,TRE_1,CS77385,FRA,48.86,4.1,0,Monsanto,GSM2099730_allc_9926.tsv.gz
6268,TV_22,CS78768,SWE,55.5796,14.3336,Mattias Jakobsson,GMI,GSM2099220_allc_6268.tsv.gz
6284,TV_38,CS78770,SWE,55.5796,14.3336,Mattias Jakobsson,GMI,GSM2099221_allc_6284.tsv.gz
6255,TV_7,CS78772,SWE,55.5796,14.334,Mattias Jakobsson,GMI,GSM2099219_allc_6255.tsv.gz
7350,Tac_0,CS76609,USA,47.2413,122.459,Thomas Mitchell-Olds,Salk,GSM2099299_allc_7350.tsv.gz
6969,Tamm_27,CS77341,FIN,60,23.5,Outi Savolainen,Salk,GSM2328577_allc_6969.tsv.gz
9899,IP_Tau_0,CS77342,ESP,42.54,0.84,Xavier Picó,Monsanto,GSM2099709_allc_9899.tsv.gz
9663,Teano_1,CS77357,ITA,41.33,14.09,0,Monsanto,GSM2328614_allc_9663.tsv.gz
9736,Teiu_2,CS77361,ROU,44.69,25.17,0,Monsanto,GSM2099573_allc_9736.tsv.gz
7353,Tha_1,CS76611,NED,52.08,4.3,Maarten Koornneef,Salk,GSM2099300_allc_7353.tsv.gz
9968,Timpo_1,CS76424,ITA,39.27,16.27,,MPI,GSM2328633_allc_9968.tsv.gz
7354,Ting_1,CS76612,SWE,56.5,14.9,Maarten Koornneef,Salk,GSM2099301_allc_7354.tsv.gz
9739,Toc_1,CS77370,ROU,46.01,22.33,0,Monsanto,GSM2099576_allc_9739.tsv.gz
9900,IP_Tri_0,CS77386,ESP,37.38,6.01,Xavier Picó,Monsanto,GSM2099710_allc_9900.tsv.gz
6970,Ts_1,CS76615,ESP,41.7194,2.93056,Albert Kranz,Salk,GSM2099243_allc_6970.tsv.gz
6971,Ts_5,CS77388,ESP,41.7194,2.93056,Albert Kranz,Salk,GSM2099244_allc_6971.tsv.gz
7372,Tscha_1,CS76616,AUT,47.0748,9.9042,Maarten Koornneef,Salk,GSM2328587_allc_7372.tsv.gz
7373,Tsu_0,CS77389,JPN,34.43,136.31,Albert Kranz,Mott,GSM2099303_allc_7373.tsv.gz
9794,Tu_B1_2,CS77391,GER,48.52,9.08,0,Monsanto,GSM2099613_allc_9794.tsv.gz
9808,Tu_B2_3,CS77392,GER,48.52,9.08,0,Monsanto,GSM2099627_allc_9808.tsv.gz
9809,Tu_KB_6,CS77393,GER,48.52,9.05,0,Monsanto,GSM2099628_allc_9809.tsv.gz
9810,Tu_KS_7,CS77394,GER,48.53,9.07,0,Monsanto,GSM2099629_allc_9810.tsv.gz
9811,Tu_NK_12,CS77395,GER,48.52,9.05,0,Monsanto,GSM2099630_allc_9811.tsv.gz
9783,Tu_PK_7,CS77396,GER,48.52,9.05,0,Monsanto,GSM2099602_allc_9783.tsv.gz
9812,Tu_W1,CS77397,GER,48.52,9.03,0,Monsanto,GSM2099631_allc_9812.tsv.gz
9816,Tu_WH,CS77398,GER,48.55,9.06,0,Monsanto,GSM2099635_allc_9816.tsv.gz
10001,TueV_13,CS76407,GER,48.52,9.05,Kirsten Bomblies,MPI,GSM2099113_allc_10001.tsv.gz
10002,TueWa1_2,CS76405,GER,48.53,9.04,Kirsten Bomblies,MPI,GSM2328641_allc_10002.tsv.gz
7377,Tul_0,CS76618,USA,43.2708,85.2563,Albert Kranz,Salk,GSM2099304_allc_7377.tsv.gz
5784,Ty_1,CS78790,UK,56.4,5.2,D. Ratcliffe,Monsanto,GSM2328560_allc_5784.tsv.gz
5811,UKID107,CS78778,UK,52.9,3.1,Eric Holub,Monsanto,GSM2328561_allc_5811.tsv.gz
5822,UKID116,CS78780,UK,56.7333,5.98333,Eric Holub,Monsanto,GSM2328563_allc_5822.tsv.gz
5779,UKID74,CS78789,UK,51,3.1,Eric Holub,Monsanto,GSM2328559_allc_5779.tsv.gz
5800,UKID96,CS78791,UK,57.4,5.5,Eric Holub,Monsanto,GSM2099172_allc_5800.tsv.gz
5353,UKNW06_003,CS78792,UK,54.5,3,Eric Holub,Monsanto,GSM2099164_allc_5353.tsv.gz
5395,UKNW06_102,CS79005,UK,54.4,3,Eric Holub,MPI,GSM2328554_allc_5395.tsv.gz
5486,UKNW06_233,CS78794,UK,54.6,3.3,Eric Holub,Monsanto,GSM2328555_allc_5486.tsv.gz
5577,UKNW06_403,CS78797,UK,54.7,3.4,Eric Holub,Monsanto,GSM2099165_allc_5577.tsv.gz
5644,UKNW06_481,CS78798,UK,54.4,2.9,Eric Holub,Monsanto,GSM2099166_allc_5644.tsv.gz
5023,UKSE06_118,CS78799,UK,51.3,0.5,Eric Holub,Monsanto,GSM2099155_allc_5023.tsv.gz
5104,UKSE06_252,CS78800,UK,51.3,0.5,Eric Holub,Monsanto,GSM2099157_allc_5104.tsv.gz
5151,UKSE06_325,CS78801,UK,52.2,1.7,Eric Holub,Monsanto,GSM2099158_allc_5151.tsv.gz
5165,UKSE06_362,CS78802,UK,51.3,0.4,Eric Holub,Monsanto,GSM2328552_allc_5165.tsv.gz
5210,UKSE06_432,CS78803,UK,51.2,0.3,Eric Holub,Monsanto,GSM2099159_allc_5210.tsv.gz
5236,UKSE06_470,CS78804,UK,51.2,0.4,Eric Holub,Monsanto,GSM2099160_allc_5236.tsv.gz
5249,UKSE06_491,CS79003,UK,51.2,0.3,Eric Holub,MPI,GSM2099161_allc_5249.tsv.gz
5276,UKSE06_533,CS78806,UK,51.3,1.1,Eric Holub,Monsanto,GSM2099162_allc_5276.tsv.gz
5279,UKSE06_541,CS79004,UK,51.3,1.1,Eric Holub,MPI,GSM2328553_allc_5279.tsv.gz
5349,UKSE06_639,CS78807,UK,51.1,0.4,Eric Holub,Monsanto,GSM2099163_allc_5349.tsv.gz
4807,UKSW06_207,CS78809,UK,50.4,4.9,Eric Holub,Monsanto,GSM2099151_allc_4807.tsv.gz
4826,UKSW06_226,CS78810,UK,50.4,4.9,Eric Holub,Monsanto,GSM2328549_allc_4826.tsv.gz
4840,UKSW06_240,CS79000,UK,50.4,4.9,Eric Holub,MPI,GSM2328550_allc_4840.tsv.gz
4857,UKSW06_257,CS79001,UK,50.3,4.9,Eric Holub,MPI,GSM2328551_allc_4857.tsv.gz
4884,UKSW06_285,CS78811,UK,50.3,4.9,Eric Holub,Monsanto,GSM2099152_allc_4884.tsv.gz
4958,UKSW06_360,CS78814,UK,50.5,4.5,Eric Holub,Monsanto,GSM2099154_allc_4958.tsv.gz
6296,UduI_1_11,CS78774,CZE,49.2771,16.6314,Jirina Relichov,Monsanto,GSM2328567_allc_6296.tsv.gz
6390,UduI_3_36,CS78775,CZE,49.2771,16.6314,Jirina Relichov,Monsanto,GSM2099223_allc_6390.tsv.gz
6396,UduI_4_9,CS78776,CZE,49.2771,16.6314,Jirina Relichov,Monsanto,GSM2328568_allc_6396.tsv.gz
10022,Uk_3,CS78777,GER,48.0333,7.7667,Albert Kranz,MPI,GSM2099127_allc_10022.tsv.gz
9737,Ulies_1,CS78815,ROU,45.95,22.62,0,Monsanto,GSM2099574_allc_9737.tsv.gz
6973,Ull2_3,CS78817,SWE,56.0648,13.9707,Magnus Nordborg,GMI,GSM2328578_allc_6973.tsv.gz
6974,Ull2_5,CS78818,SWE,56.0648,13.9707,Magnus Nordborg,GMI,GSM2099245_allc_6974.tsv.gz
9312,Ullapool_8,CS78821,UK,57.9,5.1525,James Beck,Monsanto,GSM2099374_allc_9312.tsv.gz
6976,Uod_7,CS78823,AUT,48.3,14.45,Marcus Koch,Salk,GSM2328579_allc_6976.tsv.gz
9901,IP_Urd_1,CS78824,ESP,42.27,2.98,Carlos Alonso-Blanco,Monsanto,GSM2099711_allc_9901.tsv.gz
9902,IP_Usa_0,CS78825,ESP,40.71,3.24,Carlos Alonso-Blanco,Monsanto,GSM2099712_allc_9902.tsv.gz
9933,VED_10,CS78839,FRA,43.74,3.89,0,Monsanto,GSM2099735_allc_9933.tsv.gz
9755,Vajug_1,CS78828,SRB,44.56,22.56,0,Monsanto,GSM2099585_allc_9755.tsv.gz
9903,IP_Val_0,CS78829,ESP,42.31,3.1,Carlos Alonso-Blanco,Monsanto,GSM2099713_allc_9903.tsv.gz
9969,Valsi_1,CS76425,ITA,40.18,16.45,,MPI,GSM2099763_allc_9969.tsv.gz
9904,IP_Vas_0,CS78833,ESP,40.95,3.31,Carlos Alonso-Blanco,Monsanto,GSM2099714_allc_9904.tsv.gz
9991,Vash_1,CS76391,GEO,41.2381,46.3728,James Beck,MPI,GSM2099776_allc_9991.tsv.gz
9905,IP_Ven_0,CS78840,ESP,40.76,4.01,Carlos Alonso-Blanco,Monsanto,GSM2099715_allc_9905.tsv.gz
7384,Ven_1,CS76624,NED,52.0333,5.55,Maarten Koornneef,Salk,GSM2099305_allc_7384.tsv.gz
9950,Vie_0,CS76418,ESP,42.63,0.76,,MPI,GSM2099750_allc_9950.tsv.gz
9979,Voeran_1,CS76352,ITA,46.36,11.23,,MPI,GSM2328635_allc_9979.tsv.gz
7477,WAR,CS78853,USA,41.7302,71.2825,Massimo Pigliucci,Monsanto,GSM2099315_allc_7477.tsv.gz
9938,WAV_8,CS78854,FRA,50.65,2.99,0,Monsanto,GSM2099739_allc_9938.tsv.gz
9795,Wank_2,CS78852,GER,48.5,9.11,0,Monsanto,GSM2099614_allc_9795.tsv.gz
7404,Wc_1,CS76627,GER,52.6,10.0667,Albert Kranz,Salk,GSM2099307_allc_7404.tsv.gz
6979,Wei_0,CS76628,SUI,47.25,8.26,Alan Slusarenko,Salk,GSM2099246_allc_6979.tsv.gz
8419,Wil_1,CS78855,LTU,54.6833,25.3167,Albert Kranz,Salk,GSM2099346_allc_8419.tsv.gz
7413,Wil_2,CS78856,LTU,54.6833,25.3167,Albert Kranz,Mott,GSM2099308_allc_7413.tsv.gz
7396,Ws_0.2,CS78857,RUS,52.3,30,Albert Kranz,Mott,GSM2099306_allc_7396.tsv.gz
7415,Wu_0,CS78858,GER,49.7878,9.9361,Albert Kranz,Mott,GSM2099309_allc_7415.tsv.gz
10014,Xan_1,CS76387,AZE,38.6536,48.7992,James Beck,MPI,GSM2099120_allc_10014.tsv.gz
9067,Xan_3,CS78860,AZE,38.6536,48.7992,James Beck,Monsanto,GSM2328600_allc_9067.tsv.gz
9069,Xan_5,CS78861,AZE,38.6536,48.7992,James Beck,Monsanto,GSM2099353_allc_9069.tsv.gz
9070,Xan_6,CS78862,AZE,38.6536,48.7992,James Beck,Monsanto,GSM2099354_allc_9070.tsv.gz
10011,Yeg_1,CS76394,ARM,39.8692,45.3622,James Beck,MPI,GSM2099118_allc_10011.tsv.gz
9128,Yeg_2,CS78864,ARM,39.8692,45.3622,James Beck,Monsanto,GSM2328607_allc_9128.tsv.gz
9130,Yeg_4,CS78865,ARM,39.8692,45.3622,James Beck,Monsanto,GSM2328608_allc_9130.tsv.gz
9131,Yeg_5,CS78866,ARM,39.8692,45.3622,James Beck,Monsanto,GSM2099371_allc_9131.tsv.gz
9133,Yeg_7,CS78867,ARM,39.8692,45.3622,James Beck,Monsanto,GSM2328609_allc_9133.tsv.gz
9134,Yeg_8,CS78868,ARM,39.8692,45.3622,James Beck,Monsanto,GSM2099372_allc_9134.tsv.gz
9747,Zabar_1,CS78870,SRB,44.38,21.22,0,Monsanto,GSM2099582_allc_9747.tsv.gz
9748,Zagub_1,CS78871,SRB,44.23,21.71,0,Monsanto,GSM2328622_allc_9748.tsv.gz
768,Zal_1,CS76634,KGZ,42.8,76.35,Olivier Loudet,Salk,GSM2099320_allc_768.tsv.gz
403,Zdarec3,CS78873,CZE,49.3667,16.2667,Marie-Theres Hauser,Monsanto,GSM2099147_allc_403.tsv.gz
6445,ZdrI_2_21,CS78876,CZE,49.3853,16.2544,Jirina Relichov,Monsanto,GSM2099225_allc_6445.tsv.gz
6434,ZdrI_2_9,CS78877,CZE,49.3853,16.2544,Jirina Relichov,Monsanto,GSM2099224_allc_6434.tsv.gz
9709,Zerev_1_34,CS78878,BUL,41.85,23.13,0,Monsanto,GSM2099554_allc_9709.tsv.gz
9710,Zerev_1_35,CS78879,BUL,41.85,23.13,0,Monsanto,GSM2099555_allc_9710.tsv.gz
7417,Zu_0,CS78880,SUI,47.3667,8.55,Albert Kranz,Mott,GSM2328588_allc_7417.tsv.gz
7418,Zu_1,CS78881,SUI,47.3667,8.55,Albert Kranz,Monsanto,GSM2099310_allc_7418.tsv.gz
9644,Zupan_1,CS78882,CRO,45.07,18.72,0,Monsanto,GSM2099513_allc_9644.tsv.gz
7000,Aa_0,CS76428,GER,50.9167,9.57073,Albert Kranz,Salk,GSM1085191_mC_calls_Aa_0.tsv.gz
6986,Abd_0,CS76429,UK,57.1539,2.2207,R. Mitchelson,Salk,GSM1085192_mC_calls_Abd_0.tsv.gz
6897,Ag_0,CS76430,FRA,45,1.3,Albert Kranz,Salk,GSM1085193_mC_calls_Ag_0.tsv.gz
6987,Ak_1,CS76431,GER,48.0683,7.62551,Albert Kranz,Salk,GSM1085195_mC_calls_Ak_1.tsv.gz
9758,Altai_5,CS76433,CHN,47.75,88.4,0,Salk,GSM1085196_mC_calls_Altai_5.tsv.gz
6990,Amel_1,CS76434,NED,53.448,5.73,Maarten Koornneef,Salk,GSM1085197_mC_calls_Amel_1.tsv.gz
6898,An_1,CS76435,BEL,51.2167,4.4,Albert Kranz,Salk,GSM1085198_mC_calls_An_1.tsv.gz
9759,Anz_0,CS76439,IRN,37.47,49.47,0,Salk,GSM1085201_mC_calls_Anz_0.tsv.gz
6997,Appt_1,CS76440,NED,51.8333,5.5833,Maarten Koornneef,Salk,GSM1085202_mC_calls_Appt_1.tsv.gz
7014,Ba_1,CS76441,UK,56.5459,4.79821,Albert Kranz,Salk,GSM1085203_mC_calls_Ba_1.tsv.gz
7002,Baa_1,CS76442,NED,51.3333,6.1,Maarten Koornneef,Salk,GSM1085204_mC_calls_Baa_1.tsv.gz
7008,Benk_1,CS76447,NED,52,5.675,Maarten Koornneef,Salk,GSM1085205_mC_calls_Benk_1.tsv.gz
9761,Bik_1,CS76449,LBN,33.92,35.7,0,Salk,GSM1085206_mC_calls_Bik_1.tsv.gz
7025,Bl_1,CS76450,ITA,44.5041,11.3396,Albert Kranz,Salk,GSM1085207_mC_calls_Bl_1.tsv.gz
8264,Bla_1,CS76451,ESP,41.6833,2.8,Albert Kranz,Salk,GSM1085208_mC_calls_Bla_1.tsv.gz
7026,Boot_1,CS76452,UK,54.4,3.2667,Maarten Koornneef,Salk,GSM1085209_mC_calls_Boot_1.tsv.gz
6903,Bor_4,CS76454,CZE,49.4013,16.2326,Jirina Relichov,Salk,GSM1085210_mC_calls_Bor_4.tsv.gz
7003,Bs_1,CS78888,SUI,47.5,7.5,Albert Kranz,Salk,GSM1085213_mC_calls_Bs_1.tsv.gz
7036,Bu_0,CS78889,GER,50.5,9.5,Albert Kranz,"MPI,Salk",GSM1085215_mC_calls_Bu_0.tsv.gz
7062,Ca_0,CS76459,GER,50.2981,8.26607,Albert Kranz,Salk,GSM1085216_mC_calls_Ca_0.tsv.gz
7061,Cal_0,CS76460,UK,53.2699,1.64293,Albert Kranz,Salk,GSM1085217_mC_calls_Cal_0.tsv.gz
7071,Chat_1,CS76463,FRA,48.0717,1.33867,Maarten Koornneef,Salk,GSM1085218_mC_calls_Chat_1.tsv.gz
7072,Chi_0,CS76464,RUS,53.7502,34.7361,Albert Kranz,Salk,GSM1085219_mC_calls_Chi_0.tsv.gz
5726,Cnt_1,CS78782,UK,51.3,1.1,Eric Holub,Monsanto,GSM1085220_mC_calls_Cnt_1.tsv.gz
6909,Col_0,CS76778,USA,38.3,92.3,Albert Kranz,GMI,GSM1085222_mC_calls_Col_0.tsv.gz
7092,Com_1,CS76469,FRA,49.416,2.823,Maarten Koornneef,Salk,GSM1085223_mC_calls_Com_1.tsv.gz
6911,Cvi_0,CS76789,CPV,15.1111,23.6167,Albert Kranz,Salk,GSM1085224_mC_calls_Cvi_0.tsv.gz
7419,Db_1,CS76471,GER,50.3058,8.32213,Albert Kranz,Salk,GSM1085226_mC_calls_Db_1.tsv.gz
7096,Di_G,CS76472,FRA,47.3239,5.04278,Maarten Koornneef,Salk,GSM1085227_mC_calls_Di_G.tsv.gz
766,Dja_1,CS76473,KGZ,42.5833,73.6333,Olivier Loudet,Salk,GSM1085228_mC_calls_Dja_1.tsv.gz
6915,Ei_2,CS76478,GER,50.3,6.3,Albert Kranz,Salk,GSM1085229_mC_calls_Ei_2.tsv.gz
7117,El_0,CS76479,GER,51.5105,9.68253,Albert Kranz,Salk,GSM1085230_mC_calls_El_0.tsv.gz
7109,Ema_1,CS76480,UK,51.3,0.5,Eric Holub,Salk,GSM1085231_mC_calls_Ema_1.tsv.gz
7120,En_D,CS76482,GER,50,8.5,Albert Kranz,Salk,GSM1085233_mC_calls_En_D.tsv.gz
7125,Er_0,CS78898,GER,49.5955,11.0087,Albert Kranz,"MPI,Salk",GSM1108100_mC_calls_Er_0.tsv.gz
7126,Es_0,CS76484,FIN,60.1997,24.5682,Albert Kranz,Salk,GSM1085234_mC_calls_Es_0.tsv.gz
7127,Est,CS76485,EST,58.6656,24.9871,Brigitte Damm,Salk,GSM1085235_mC_calls_Est.tsv.gz
7130,Et_0,CS76486,FRA,44.6447,2.56481,Albert Kranz,Salk,GSM1085236_mC_calls_Et_0.tsv.gz
7138,Fi_0,CS76488,GER,50.5,8.0167,Albert Kranz,Salk,GSM1085237_mC_calls_Fi_0.tsv.gz
7133,Fr_2,CS76489,GER,50.1102,8.6822,Albert Kranz,Salk,GSM1085238_mC_calls_Fr_2.tsv.gz
6919,Ga_0,CS76490,GER,50.3,8,Albert Kranz,Salk,GSM1085240_mC_calls_Ga_0.tsv.gz
7143,Gel_1,CS76492,NED,51.0167,5.86667,Maarten Koornneef,Salk,GSM1085241_mC_calls_Gel_1.tsv.gz
7147,Gie_0,CS76493,GER,50.584,8.67825,Albert Kranz,Salk,GSM1085242_mC_calls_Gie_0.tsv.gz
430,Gr_1,CS76496,AUT,47,15.5,Albert Kranz,Salk,GSM1085245_mC_calls_Gr_1.tsv.gz
7160,Gre_0,CS76497,USA,43.178,85.2532,Albert Kranz,Salk,GSM1085246_mC_calls_Gre_0.tsv.gz
6922,Gu_0,CS76498,GER,50.3,8,Albert Kranz,Salk,GSM1085247_mC_calls_Gu_0.tsv.gz
8214,Gy_0,CS78901,FRA,49,2,Albert Kranz,Salk,GSM1085248_mC_calls_Gy_0.tsv.gz
7163,Ha_0,CS76500,GER,52.3721,9.73569,Albert Kranz,Salk,GSM1085249_mC_calls_HR_5_bud.tsv.gz
7162,Hs_0,CS76515,GER,52.24,9.44,Albert Kranz,Salk,GSM1085252_mC_calls_Hs_0.tsv.gz
8311,In_0,CS78903,AUT,47.5,11.5,Albert Kranz,Salk,GSM1085253_mC_calls_In_0.tsv.gz
8312,Is_0,CS78904,GER,50.5,7.5,Albert Kranz,"MPI,Salk",GSM1085254_mC_calls_Is_0.tsv.gz
7181,Je_0,CS76518,GER,50.927,11.587,Albert Kranz,Salk,GSM1085256_mC_calls_Je_0.tsv.gz
7177,Jm_0,CS76520,CZE,49,15,Albert Kranz,Salk,GSM1085257_mC_calls_Jm_0.tsv.gz
7183,Kas_1,CS79018,IND,35,77,Shauna Somerville,Salk,GSM1085258_mC_calls_Kas_1.tsv.gz
8420,Kelsterbach_4,CS76525,GER,50.0667,8.5333,Paul Williams,Salk,GSM1085259_mC_calls_Kelsterbach_4.tsv.gz
6926,Kin_0,CS76527,USA,44.46,85.37,Albert Kranz,Salk,GSM1085261_mC_calls_Kin_0.tsv.gz
7199,Kl_5,CS76528,GER,50.95,6.9666,Albert Kranz,Salk,GSM1085263_mC_calls_Kl_5.tsv.gz
6929,Kondara,CS76532,TJK,38.48,68.49,Igor Vizir,Salk,GSM1085265_mC_calls_Kondara.tsv.gz
7203,Krot_0,CS76534,GER,49.631,11.5722,Thomas Mitchell-Olds,Salk,GSM1085267_mC_calls_Krot_0.tsv.gz
7207,Kyoto,CS76535,JPN,35.0085,135.752,Hirokazu Tsukaya,Salk,GSM1085268_mC_calls_Kyoto.tsv.gz
6931,Kz_9,CS76537,KAZ,49.5,73.1,Ihsan Al-Shehbaz,Salk,GSM1085269_mC_calls_Kz_9.tsv.gz
7209,La_0,CS76538,POL,52.7333,15.2333,Albert Kranz,Salk,GSM1085270_mC_calls_La_0.tsv.gz
7208,Lan_0,CS76539,UK,55.6739,3.78181,Albert Kranz,Salk,GSM1085271_mC_calls_Lan_0.tsv.gz
6932,Ler_1,CS77021,GER,47.984,10.8719,Eric Holub,"MPI,GMI",GSM1085272_mC_calls_Ler_1.tsv.gz
7236,Litva,CS76543,LTU,,,Igor Vizir,Salk,GSM1085274_mC_calls_Litva.tsv.gz
7217,Lm_2,CS76545,FRA,48,0.5,Albert Kranz,Salk,GSM1085276_mC_calls_Lm_2.tsv.gz
7520,Lp2_2,CS76546,CZE,49.38,16.81,Ivo Cetl,Salk,GSM1085277_mC_calls_Lp2_2.tsv.gz
8354,Per_1,CS76571,RUS,58,56.3167,Albert Kranz,Salk,GSM1085290_mC_calls_Per_1.tsv.gz
7298,Pi_0,CS76572,AUT,47.04,10.51,Albert Kranz,Salk,GSM1085291_mC_calls_Pi_0.tsv.gz
7305,Pt_0,CS78915,GER,53.476,10.6065,Albert Kranz,Salk,GSM1085296_mC_calls_Pt_0.tsv.gz
6951,Pu2_23,CS76579,CZE,49.42,16.36,Ivo Cetl,Salk,GSM1085297_mC_calls_Pu2_23.tsv.gz
7514,RRS_7,CS76593,USA,41.5609,86.4251,Joy Bergelson,Salk,GSM1085308_mC_calls_RRS_7.tsv.gz
6958,Ra_0,CS76582,FRA,46,3.3,Albert Kranz,Salk,GSM1085300_mC_calls_Ra_0.tsv.gz
7314,Ragl_1,CS76583,UK,54.3512,3.41697,Maarten Koornneef,Salk,GSM1085301_mC_calls_Ragl_1.tsv.gz
8366,Rd_0,CS76584,GER,50.5,8.5,Albert Kranz,Salk,GSM1085303_mC_calls_Rd_0.tsv.gz
7332,Seattle_0,CS76598,USA,47,122.2,Rick Amasino,Salk,GSM1085311_mC_calls_Seattle_0.tsv.gz
7344,Sg_1,CS76600,GER,47.6667,9.5,Albert Kranz,Salk,GSM1085313_mC_calls_Sg_1.tsv.gz
7337,Si_0,CS76601,GER,50.8738,8.02341,Albert Kranz,Salk,GSM1085314_mC_calls_Si_0.tsv.gz
7347,Stw_0,CS76605,RUS,52,36,Albert Kranz,Salk,GSM1085318_mC_calls_Stw_0.tsv.gz
7342,Su_0,CS76606,UK,53.6473,3.00733,Albert Kranz,Salk,GSM1085319_mC_calls_Su_0.tsv.gz
7378,Uk_1,CS76620,GER,48.0333,7.7667,Albert Kranz,Salk,GSM1085327_mC_calls_Uk_1.tsv.gz
7387,Vind_1,CS76625,UK,54.9902,2.3671,Maarten Koornneef,Salk,GSM1085332_mC_calls_Vind_1.tsv.gz
7394,Wa_1,CS76626,POL,52.3,21,Albert Kranz,Salk,GSM1085333_mC_calls_Wa_1.tsv.gz
9766,Westkar_4,CS76629,KGZ,42.26,74.16,0,Salk,GSM1085334_mC_calls_Westkar_4_bud.tsv.gz
6982,Wt_5,CS76632,GER,52.3,9.3,Albert Kranz,Salk,GSM1085337_mC_calls_Wt_5.tsv.gz
7416,Yo_0,CS76633,USA,37.45,119.35,Albert Kranz,Salk,GSM1085338_mC_calls_Yo_0.tsv.gz
6984,Zdr_1,CS76635,CZE,49.3853,16.2544,Jirina Relichov,Salk,GSM1085339_mC_calls_Zdr_1.tsv.gz
